"AAC","20110325","1.62","1.645","1.62","1.635","814476"
"AAD","20110325","1.44","1.50","1.42","1.47","2168957"
"AAE","20110325","0.017","0.017","0.016","0.016","3209318"
"AAG","20110325","0.275","0.28","0.275","0.28","265000"
"AAK","20110325","0.003","0.003","0.003","0.003","200000"
"AAM","20110325","0.044","0.045","0.044","0.045","286239"
"AAO","20110325","0.175","0.175","0.175","0.175","50000"
"AAQ","20110325","0.014","0.014","0.014","0.014","997720"
"AAR","20110325","0.021","0.021","0.02","0.021","256920"
"AAU","20110325","0.24","0.25","0.24","0.25","11950"
"AAX","20110325","3.39","3.49","3.39","3.43","129355"
"ABC","20110325","3.19","3.20","3.11","3.15","3483487"
"ABN","20110325","0.001","0.001","0.001","0.001","500000"
"ABP","20110325","2.30","2.33","2.25","2.33","511922"
"ABU","20110325","0.039","0.039","0.037","0.037","9157324"
"ABY","20110325","1.40","1.43","1.39","1.40","771571"
"ABZ","20110325","0.75","0.76","0.73","0.76","27000"
"ACB","20110325","0.425","0.425","0.415","0.42","552819"
"ACG","20110325","0.092","0.092","0.092","0.092","30000"
"ACL","20110325","0.71","0.72","0.685","0.685","115104"
"ACR","20110325","3.65","3.70","3.58","3.65","995291"
"ACS","20110325","0.24","0.24","0.23","0.23","54550"
"ADD","20110325","0.032","0.034","0.032","0.034","2627555"
"ADE","20110325","0.15","0.16","0.145","0.155","1702440"
"ADN","20110325","0.17","0.17","0.17","0.17","155365"
"ADO","20110325","0.075","0.078","0.074","0.075","1910876"
"ADU","20110325","0.745","0.785","0.74","0.77","1326274"
"ADX","20110325","0.10","0.105","0.10","0.105","561282"
"ADY","20110325","0.034","0.034","0.034","0.034","2193310"
"AED","20110325","0.25","0.255","0.25","0.255","847390"
"AEE","20110325","0.345","0.345","0.32","0.33","329659"
"AEK","20110325","0.20","0.20","0.20","0.20","3675"
"AEO","20110325","2.08","2.09","2.07","2.07","327653"
"AEU","20110325","0.78","0.815","0.78","0.815","81579"
"AEX","20110325","0.006","0.006","0.005","0.005","56954100"
"AEZ","20110325","0.013","0.013","0.012","0.012","504000"
"AFI","20110325","4.79","4.82","4.75","4.79","194941"
"AFR","20110325","0.715","0.74","0.71","0.725","1954508"
"AFT","20110325","0.001","0.001","0.001","0.001","8279580"
"AGE","20110325","0.135","0.135","0.13","0.13","103000"
"AGF","20110325","0.79","0.80","0.79","0.80","220759"
"AGG","20110325","9.01","9.01","9.01","9.01","1215"
"AGI","20110325","0.255","0.26","0.255","0.255","210143"
"AGK","20110325","14.01","14.22","14.00","14.11","1598567"
"AGO","20110325","3.55","3.62","3.50","3.52","10281825"
"AGR","20110325","1.16","1.175","1.12","1.12","140092"
"AGS","20110325","0.34","0.34","0.34","0.34","119952"
"AGU","20110325","0.075","0.08","0.074","0.078","989400"
"AGX","20110325","0.022","0.022","0.022","0.022","50000"
"AGY","20110325","0.21","0.215","0.21","0.215","245115"
"AHD","20110325","6.00","6.00","5.95","5.95","6047"
"AHE","20110325","2.75","2.75","2.71","2.71","32382"
"AHN","20110325","0.125","0.125","0.12","0.12","211784"
"AHR","20110325","0.27","0.275","0.27","0.27","83000"
"AIA","20110325","1.60","1.60","1.60","1.60","408"
"AIO","20110325","1.70","1.70","1.66","1.675","9931616"
"AIQ","20110325","0.74","0.74","0.74","0.74","6000"
"AIR","20110325","1.11","1.11","1.05","1.10","18751"
"AIV","20110325","0.056","0.057","0.056","0.057","83500"
"AIW","20110325","0.053","0.055","0.053","0.055","397146"
"AIX","20110325","1.90","1.92","1.885","1.91","714845"
"AIZ","20110325","0.81","0.815","0.80","0.815","33327"
"AJA","20110325","2.93","2.93","2.90","2.93","225436"
"AJL","20110325","1.94","1.94","1.90","1.90","34876"
"AJM","20110325","0.16","0.165","0.155","0.165","556448"
"AJX","20110325","0.115","0.115","0.115","0.115","70000"
"AKF","20110325","0.125","0.13","0.125","0.13","75901"
"AKI","20110325","0.31","0.315","0.30","0.30","220028"
"AKK","20110325","0.028","0.029","0.028","0.028","515000"
"AKM","20110325","0.91","0.91","0.85","0.87","1524758"
"AKP","20110325","4.30","4.30","4.25","4.25","9320"
"AKW","20110325","0.05","0.05","0.05","0.05","2115"
"ALB","20110325","0.135","0.135","0.135","0.135","162592"
"ALD","20110325","0.65","0.675","0.64","0.66","1986839"
"ALF","20110325","1.29","1.295","1.29","1.295","91910"
"ALK","20110325","1.55","1.63","1.55","1.62","1894523"
"ALL","20110325","3.22","3.23","3.13","3.21","2059820"
"ALR","20110325","1.275","1.285","1.26","1.285","164345"
"ALS","20110325","3.17","3.24","3.17","3.23","148724"
"ALT","20110325","0.031","0.031","0.03","0.031","783000"
"ALY","20110325","0.33","0.33","0.305","0.32","551225"
"ALZ","20110325","3.00","3.05","2.99","3.04","1180102"
"AMA","20110325","0.12","0.125","0.12","0.12","53500"
"AMC","20110325","7.00","7.03","6.89","6.96","4278694"
"AMH","20110325","0.67","0.675","0.67","0.675","83196"
"AMM","20110325","0.305","0.32","0.305","0.32","782109"
"AMO","20110325","0.335","0.335","0.335","0.335","1300"
"AMP","20110325","5.36","5.42","5.34","5.38","13734017"
"AMT","20110325","0.24","0.255","0.24","0.255","20000"
"AMU","20110325","0.305","0.31","0.305","0.305","1722464"
"AMX","20110325","2.95","3.04","2.92","3.00","2378366"
"ANG","20110325","4.70","4.73","4.60","4.66","59620"
"ANM","20110325","0.038","0.038","0.038","0.038","20897"
"ANN","20110325","13.26","13.26","13.06","13.15","610575"
"ANP","20110325","0.013","0.014","0.012","0.013","20052637"
"ANZ","20110325","23.47","23.54","23.25","23.37","13510636"
"AOD","20110325","0.99","0.99","0.99","0.99","571495"
"AOH","20110325","0.295","0.295","0.28","0.28","1837314"
"AOK","20110325","0.115","0.115","0.115","0.115","162461"
"AON","20110325","0.074","0.074","0.074","0.074","8000"
"AOP","20110325","0.008","0.008","0.008","0.008","2073514"
"APA","20110325","4.04","4.13","4.02","4.11","946727"
"APB","20110325","0.012","0.012","0.012","0.012","105606"
"APD","20110325","0.195","0.195","0.195","0.195","10416"
"APE","20110325","12.05","12.05","12.05","12.05","477"
"APG","20110325","0.082","0.087","0.082","0.087","7620985"
"APH","20110325","0.38","0.38","0.38","0.38","45000"
"API","20110325","0.32","0.32","0.31","0.315","234637"
"APK","20110325","0.46","0.46","0.445","0.45","16542"
"APN","20110325","1.52","1.55","1.515","1.52","1533441"
"APZ","20110325","0.45","0.465","0.445","0.46","178875"
"AQA","20110325","8.38","8.65","8.25","8.60","450143"
"AQC","20110325","0.053","0.058","0.053","0.058","285730"
"AQG","20110325","8.50","8.68","8.45","8.65","325696"
"AQP","20110325","5.80","5.89","5.75","5.82","1016333"
"AQQ","20110325","0.125","0.125","0.115","0.125","3051827"
"AQR","20110325","0.355","0.355","0.35","0.35","83334"
"ARA","20110325","0.31","0.31","0.30","0.30","60900"
"ARD","20110325","0.23","0.235","0.22","0.22","361536"
"ARE","20110325","0.099","0.10","0.099","0.10","35765"
"ARG","20110325","6.08","6.10","6.05","6.06","152263"
"ARH","20110325","0.305","0.305","0.285","0.30","46313"
"ARM","20110325","0.27","0.295","0.27","0.29","162708"
"ARO","20110325","0.004","0.004","0.004","0.004","460000"
"ARP","20110325","8.10","8.28","8.08","8.21","141539"
"ARU","20110325","1.245","1.245","1.22","1.24","1488133"
"ARV","20110325","0.047","0.048","0.047","0.048","344976"
"ARW","20110325","0.021","0.021","0.021","0.021","1915000"
"ARX","20110325","0.035","0.036","0.035","0.036","1649066"
"ASB","20110325","2.90","2.95","2.86","2.92","57531"
"ASL","20110325","3.65","3.83","3.65","3.76","1109345"
"ASW","20110325","0.88","0.90","0.88","0.90","11000"
"ASX","20110325","34.82","35.76","34.68","35.00","2023491"
"ASZ","20110325","1.07","1.07","1.03","1.04","154232"
"ATI","20110325","1.93","1.93","1.90","1.90","297751"
"ATN","20110325","0.047","0.047","0.045","0.045","1927243"
"ATQ","20110325","0.45","0.47","0.44","0.47","152000"
"ATR","20110325","2.42","2.42","2.42","2.42","1000"
"ATV","20110325","0.044","0.045","0.044","0.045","425000"
"AUB","20110325","6.50","6.53","6.46","6.47","23336"
"AUC","20110325","1.20","1.20","1.185","1.185","2103"
"AUF","20110325","1.04","1.04","1.04","1.04","42550"
"AUI","20110325","6.66","6.71","6.61","6.61","18404"
"AUK","20110325","0.245","0.245","0.245","0.245","95583"
"AUN","20110325","1.26","1.295","1.25","1.285","5523904"
"AUQ","20110325","0.34","0.35","0.33","0.33","114389"
"AUT","20110325","3.01","3.03","2.99","3.03","1114315"
"AUZ","20110325","0.02","0.021","0.02","0.02","756880"
"AVA","20110325","0.225","0.235","0.225","0.235","298200"
"AVB","20110325","0.14","0.14","0.135","0.135","2971318"
"AVD","20110325","0.016","0.018","0.016","0.018","800001"
"AVG","20110325","0.27","0.295","0.27","0.28","73857"
"AVH","20110325","0.115","0.12","0.11","0.11","185807"
"AVI","20110325","0.27","0.27","0.26","0.265","318096"
"AVK","20110325","0.29","0.295","0.29","0.295","127000"
"AVM","20110325","6.29","6.30","6.29","6.30","1000"
"AVQ","20110325","0.055","0.061","0.052","0.058","69801932"
"AVX","20110325","0.039","0.04","0.039","0.04","817343"
"AVZ","20110325","0.165","0.18","0.165","0.18","581414"
"AWC","20110325","2.34","2.39","2.34","2.39","22582740"
"AWE","20110325","1.69","1.72","1.675","1.70","3371473"
"AXC","20110325","0.018","0.018","0.018","0.018","6850"
"AXE","20110325","0.24","0.24","0.235","0.235","290444"
"AXM","20110325","0.013","0.013","0.012","0.012","11073169"
"AXT","20110325","0.093","0.093","0.091","0.091","18864"
"AXZ","20110325","0.45","0.47","0.435","0.47","59458"
"AYA","20110325","0.605","0.605","0.60","0.60","20000"
"AYF","20110325","6.48","6.48","6.48","6.48","250"
"AYG","20110325","0.006","0.007","0.006","0.006","6450000"
"AYN","20110325","0.074","0.075","0.073","0.074","28219852"
"AYR","20110325","0.037","0.038","0.036","0.038","270000"
"AYT","20110325","0.25","0.25","0.25","0.25","10000"
"AYX","20110325","0.58","0.58","0.58","0.58","2296"
"AZF","20110325","1.41","1.41","1.41","1.41","418"
"AZG","20110325","0.24","0.24","0.22","0.225","836213"
"AZH","20110325","0.23","0.245","0.23","0.235","2104938"
"AZM","20110325","0.625","0.64","0.62","0.635","763721"
"AZS","20110325","0.089","0.089","0.085","0.085","395375"
"AZT","20110325","9.50","9.84","9.47","9.75","451835"
"AZX","20110325","0.67","0.675","0.66","0.66","399804"
"AZZ","20110325","0.44","0.44","0.425","0.44","999969"
"BAA","20110325","0.76","0.80","0.76","0.80","69500"
"BAO","20110325","0.049","0.049","0.049","0.049","10760"
"BAS","20110325","0.04","0.04","0.04","0.04","100000"
"BAU","20110325","0.24","0.245","0.235","0.24","707548"
"BBG","20110325","7.65","7.74","7.58","7.68","597045"
"BCC","20110325","0.10","0.10","0.095","0.096","12827947"
"BCD","20110325","0.015","0.015","0.014","0.015","4302282"
"BCI","20110325","2.59","2.59","2.50","2.54","107931"
"BCN","20110325","0.015","0.016","0.015","0.015","805440"
"BDI","20110325","0.022","0.022","0.02","0.021","578049"
"BDM","20110325","0.18","0.18","0.18","0.18","1680"
"BDR","20110325","0.90","0.905","0.87","0.90","2327774"
"BEC","20110325","0.042","0.042","0.041","0.041","68720"
"BEL","20110325","0.245","0.245","0.245","0.245","10000"
"BEN","20110325","9.12","9.25","9.04","9.19","749836"
"BER","20110325","0.53","0.53","0.53","0.53","3583"
"BFE","20110325","0.115","0.115","0.115","0.115","398025"
"BFG","20110325","0.90","0.92","0.90","0.92","78386"
"BGD","20110325","0.10","0.11","0.10","0.11","335686"
"BGL","20110325","0.19","0.19","0.185","0.185","227000"
"BHP","20110325","44.86","44.99","44.10","44.76","20796283"
"BIS","20110325","0.15","0.15","0.14","0.14","111667"
"BIT","20110325","0.105","0.11","0.105","0.105","135026"
"BIV","20110325","0.021","0.021","0.021","0.021","56236"
"BKI","20110325","1.23","1.235","1.22","1.225","149385"
"BKL","20110325","30.00","30.00","29.90","29.90","2184"
"BKN","20110325","7.65","7.88","7.65","7.85","698220"
"BKP","20110325","0.022","0.023","0.021","0.023","24584668"
"BKW","20110325","10.80","10.95","10.80","10.95","32573"
"BKY","20110325","1.08","1.085","1.055","1.07","1059594"
"BLD","20110325","5.09","5.09","4.98","5.02","3351773"
"BLG","20110325","0.16","0.165","0.16","0.16","445865"
"BLK","20110325","0.24","0.24","0.24","0.24","79002"
"BLR","20110325","0.049","0.05","0.048","0.049","3360630"
"BLT","20110325","0.03","0.03","0.028","0.029","1031905"
"BLY","20110325","4.41","4.52","4.40","4.49","2584051"
"BLZ","20110325","0.007","0.007","0.007","0.007","1436961"
"BMG","20110325","0.135","0.16","0.135","0.16","279000"
"BML","20110325","0.10","0.105","0.099","0.10","57928"
"BMN","20110325","0.485","0.485","0.46","0.48","1792816"
"BMY","20110325","0.20","0.21","0.20","0.20","275000"
"BMZ","20110325","0.21","0.21","0.21","0.21","35000"
"BND","20110325","1.85","1.85","1.80","1.83","501901"
"BNE","20110325","0.042","0.042","0.04","0.04","260000"
"BNO","20110325","0.43","0.44","0.43","0.43","404706"
"BNR","20110325","0.18","0.19","0.17","0.17","100185"
"BOC","20110325","1.59","1.59","1.55","1.575","44747"
"BOD","20110325","0.056","0.056","0.055","0.055","210000"
"BOE","20110325","0.17","0.175","0.17","0.175","54545"
"BOL","20110325","0.38","0.38","0.38","0.38","78425"
"BOQ","20110325","9.71","9.79","9.62","9.70","457518"
"BOW","20110325","0.98","1.03","0.98","1.03","1601136"
"BPH","20110325","0.055","0.072","0.055","0.063","2544210"
"BPL","20110325","0.175","0.175","0.165","0.175","38824"
"BPO","20110325","0.016","0.016","0.016","0.016","130000"
"BPT","20110325","0.925","0.97","0.92","0.955","9398044"
"BRD","20110325","0.013","0.013","0.012","0.013","5400000"
"BRG","20110325","3.49","3.49","3.46","3.46","4883"
"BRM","20110325","5.90","5.96","5.89","5.90","69606"
"BRU","20110325","0.52","0.54","0.52","0.52","171761"
"BRW","20110325","0.071","0.077","0.07","0.075","730285"
"BSA","20110325","0.245","0.245","0.245","0.245","2000"
"BSE","20110325","0.525","0.53","0.505","0.53","600218"
"BSL","20110325","1.97","1.985","1.95","1.985","17701182"
"BSM","20110325","0.41","0.41","0.41","0.41","154050"
"BSR","20110325","0.125","0.125","0.125","0.125","180000"
"BTA","20110325","0.98","1.02","0.98","1.005","602885"
"BTC","20110325","0.155","0.16","0.155","0.16","5000"
"BTN","20110325","0.23","0.23","0.23","0.23","15000"
"BTR","20110325","0.665","0.665","0.63","0.66","222374"
"BTT","20110325","2.76","2.76","2.69","2.72","17832"
"BTU","20110325","1.25","1.30","1.22","1.23","7510503"
"BUG","20110325","0.13","0.13","0.13","0.13","3885"
"BUL","20110325","0.088","0.09","0.088","0.09","349666"
"BUR","20110325","0.057","0.057","0.055","0.056","3321754"
"BUT","20110325","0.16","0.17","0.16","0.17","27696"
"BUX","20110325","0.295","0.295","0.295","0.295","6000"
"BUY","20110325","0.037","0.04","0.037","0.039","3012167"
"BVA","20110325","0.195","0.20","0.19","0.20","957718"
"BWD","20110325","0.29","0.29","0.28","0.28","129500"
"BWP","20110325","1.725","1.73","1.715","1.725","1789937"
"BXB","20110325","7.00","7.06","6.90","7.06","6372459"
"BYL","20110325","0.30","0.30","0.30","0.30","84224"
"BYR","20110325","0.33","0.345","0.32","0.33","1183601"
"CAA","20110325","0.32","0.33","0.315","0.32","1249626"
"CAB","20110325","5.24","5.32","5.18","5.32","224139"
"CAF","20110325","1.205","1.22","1.20","1.22","30896"
"CAH","20110325","1.725","1.85","1.72","1.82","1888935"
"CAJ","20110325","0.044","0.046","0.044","0.046","305000"
"CAM","20110325","1.04","1.045","1.04","1.045","79012"
"CAP","20110325","0.65","0.65","0.64","0.65","89101"
"CAS","20110325","1.24","1.25","1.22","1.25","107649"
"CAV","20110325","0.105","0.105","0.105","0.105","45000"
"CAZ","20110325","0.345","0.36","0.34","0.35","242200"
"CBA","20110325","52.18","52.35","51.74","51.86","7547842"
"CBB","20110325","0.25","0.25","0.25","0.25","18251"
"CBD","20110325","0.15","0.15","0.145","0.15","702657"
"CBP","20110325","0.42","0.42","0.42","0.42","1841"
"CBS","20110325","0.20","0.225","0.20","0.21","10912930"
"CBZ","20110325","0.80","0.80","0.735","0.76","876766"
"CCC","20110325","0.063","0.063","0.061","0.062","20993029"
"CCF","20110325","0.17","0.18","0.17","0.18","91470"
"CCL","20110325","11.54","11.67","11.47","11.50","1841420"
"CCP","20110325","5.52","5.65","5.52","5.64","125774"
"CCQ","20110325","0.75","0.75","0.75","0.75","600"
"CCU","20110325","1.025","1.04","0.93","0.97","1050199"
"CCV","20110325","0.85","0.85","0.835","0.85","272618"
"CCY","20110325","0.051","0.055","0.05","0.055","360000"
"CDA","20110325","1.25","1.385","1.25","1.385","309747"
"CDB","20110325","0.16","0.16","0.15","0.15","330000"
"CDD","20110325","5.70","5.79","5.65","5.75","47859"
"CDG","20110325","0.30","0.30","0.29","0.29","535000"
"CDI","20110325","0.50","0.50","0.49","0.495","1263562"
"CDM","20110325","1.09","1.125","1.09","1.10","71987"
"CDP","20110325","4.30","4.30","4.30","4.30","153556"
"CDT","20110325","0.37","0.38","0.37","0.37","127000"
"CDY","20110325","0.026","0.026","0.024","0.024","2014307"
"CEL","20110325","0.185","0.185","0.175","0.185","269600"
"CEO","20110325","0.027","0.034","0.026","0.032","8057946"
"CER","20110325","0.34","0.345","0.33","0.335","3096752"
"CES","20110325","0.062","0.062","0.061","0.061","21240"
"CEU","20110325","0.44","0.445","0.435","0.445","3959213"
"CFE","20110325","0.565","0.58","0.555","0.57","808219"
"CFR","20110325","0.007","0.008","0.007","0.007","8105592"
"CFU","20110325","0.125","0.125","0.12","0.12","789199"
"CFX","20110325","1.87","1.87","1.845","1.85","22016724"
"CGF","20110325","4.89","4.93","4.86","4.91","2162746"
"CGM","20110325","0.02","0.02","0.019","0.02","2100000"
"CGT","20110325","0.049","0.049","0.048","0.048","2364500"
"CGX","20110325","3.05","3.05","2.99","3.00","3000"
"CHC","20110325","2.53","2.54","2.49","2.50","422026"
"CHF","20110325","0.09","0.09","0.089","0.089","119274"
"CHN","20110325","0.47","0.475","0.47","0.475","163403"
"CHR","20110325","3.20","3.30","3.20","3.30","3347"
"CHZ","20110325","0.78","0.78","0.77","0.77","50000"
"CIF","20110325","1.17","1.17","1.12","1.16","362267"
"CIG","20110325","0.008","0.008","0.008","0.008","40000"
"CIL","20110325","1.475","1.49","1.45","1.49","136404"
"CIN","20110325","17.40","17.40","17.40","17.40","50"
"CIR","20110325","0.70","0.70","0.70","0.70","320"
"CIX","20110325","0.23","0.235","0.23","0.23","50053"
"CJO","20110325","0.245","0.25","0.245","0.25","443500"
"CKA","20110325","0.48","0.50","0.46","0.50","644271"
"CKK","20110325","0.205","0.205","0.20","0.20","432203"
"CLH","20110325","0.66","0.69","0.66","0.69","5311354"
"CLO","20110325","0.84","0.845","0.835","0.845","117696"
"CLQ","20110325","0.046","0.046","0.043","0.043","242000"
"CLR","20110325","2.92","3.01","2.78","2.95","450590"
"CLV","20110325","0.305","0.31","0.305","0.31","30800"
"CLX","20110325","1.19","1.19","1.19","1.19","25070"
"CLY","20110325","0.086","0.086","0.084","0.084","70000"
"CMC","20110325","0.27","0.27","0.27","0.27","32000"
"CMG","20110325","0.515","0.52","0.515","0.52","84000"
"CMJ","20110325","2.86","2.88","2.82","2.85","293204"
"CMP","20110325","0.125","0.13","0.12","0.12","39001"
"CMW","20110325","0.705","0.705","0.695","0.70","373302"
"CMY","20110325","0.05","0.05","0.05","0.05","200000"
"CNA","20110325","121.80","121.80","117.00","120.55","28657"
"CNI","20110325","0.63","0.64","0.615","0.62","59981"
"CNL","20110325","0.42","0.45","0.42","0.445","813000"
"CNN","20110325","0.014","0.016","0.014","0.016","8053056"
"CNP","20110325","0.078","0.078","0.062","0.067","35134146"
"CNR","20110325","0.065","0.065","0.065","0.065","107182"
"CNX","20110325","0.315","0.325","0.305","0.305","1040119"
"COE","20110325","0.385","0.385","0.38","0.38","959109"
"COF","20110325","0.69","0.70","0.675","0.685","185948"
"COH","20110325","80.25","80.46","79.53","79.91","194030"
"COI","20110325","0.16","0.17","0.16","0.17","583980"
"COK","20110325","0.51","0.515","0.50","0.505","3669907"
"COU","20110325","1.21","1.25","1.20","1.23","543800"
"COY","20110325","0.12","0.12","0.115","0.12","394005"
"COZ","20110325","0.14","0.145","0.14","0.14","86657"
"CPA","20110325","0.85","0.86","0.845","0.86","8394297"
"CPB","20110325","45.48","45.93","45.20","45.30","128360"
"CPI","20110325","0.45","0.45","0.45","0.45","29735"
"CPL","20110325","1.90","2.01","1.90","2.00","2772722"
"CPU","20110325","9.18","9.26","9.15","9.25","4452794"
"CPZ","20110325","0.30","0.31","0.30","0.31","72000"
"CQO","20110325","3.32","3.32","3.25","3.28","2252341"
"CQR","20110325","3.13","3.17","3.09","3.15","942958"
"CQT","20110325","0.605","0.605","0.585","0.595","589542"
"CRB","20110325","0.38","0.40","0.38","0.38","665900"
"CRC","20110325","0.17","0.175","0.17","0.17","208184"
"CRE","20110325","0.055","0.055","0.052","0.052","11937742"
"CRG","20110325","10.09","10.18","10.05","10.14","171410"
"CRK","20110325","0.63","0.68","0.625","0.675","209195"
"CRZ","20110325","5.15","5.20","5.12","5.20","746176"
"CSD","20110325","0.145","0.155","0.145","0.15","647449"
"CSE","20110325","0.12","0.12","0.12","0.12","24000"
"CSL","20110325","34.40","34.52","34.14","34.33","2476976"
"CSR","20110325","3.30","3.34","3.27","3.34","2999354"
"CSS","20110325","0.15","0.15","0.145","0.145","928917"
"CST","20110325","2.74","2.83","2.72","2.82","83589"
"CSU","20110325","0.92","0.92","0.92","0.92","20000"
"CSV","20110325","1.195","1.195","1.17","1.18","308475"
"CTD","20110325","1.84","1.84","1.82","1.82","16775"
"CTM","20110325","0.11","0.115","0.105","0.105","1532000"
"CTN","20110325","1.29","1.305","1.285","1.295","211421"
"CTO","20110325","0.093","0.096","0.093","0.096","977546"
"CTP","20110325","0.054","0.063","0.053","0.06","24765066"
"CTX","20110325","15.08","15.49","15.08","15.36","1179166"
"CUE","20110325","0.35","0.35","0.34","0.35","734059"
"CUL","20110325","0.04","0.04","0.039","0.04","114707"
"CUP","20110325","1.38","1.38","1.38","1.38","4100"
"CUS","20110325","1.48","1.485","1.42","1.46","30304"
"CUU","20110325","0.088","0.09","0.084","0.084","50234"
"CUV","20110325","1.895","1.90","1.85","1.85","2268"
"CUX","20110325","0.18","0.20","0.18","0.20","50000"
"CVC","20110325","0.88","0.885","0.87","0.87","2552"
"CVE","20110325","0.24","0.25","0.24","0.25","86880"
"CVG","20110325","0.085","0.085","0.085","0.085","60306"
"CVN","20110325","0.34","0.355","0.34","0.355","1390867"
"CVR","20110325","0.049","0.049","0.049","0.049","5988"
"CVW","20110325","0.525","0.525","0.525","0.525","216000"
"CVY","20110325","0.275","0.275","0.27","0.275","447245"
"CWE","20110325","0.105","0.105","0.10","0.10","147500"
"CWK","20110325","0.82","0.855","0.82","0.84","483231"
"CWN","20110325","8.09","8.10","7.98","8.01","2923426"
"CWP","20110325","5.02","5.09","5.00","5.00","28566"
"CXD","20110325","0.19","0.20","0.19","0.19","96627"
"CXM","20110325","0.38","0.395","0.38","0.395","50000"
"CXN","20110325","0.01","0.01","0.009","0.009","8820728"
"CXO","20110325","0.20","0.20","0.20","0.20","20000"
"CXU","20110325","0.23","0.235","0.23","0.235","33000"
"CXY","20110325","0.015","0.015","0.014","0.015","488752"
"CYA","20110325","0.74","0.74","0.725","0.735","91911"
"CYC","20110325","0.055","0.058","0.055","0.055","344545"
"CYG","20110325","1.84","1.84","1.84","1.84","2754"
"CYL","20110325","0.22","0.24","0.22","0.24","5275"
"CYS","20110325","0.205","0.205","0.19","0.19","196245"
"CYU","20110325","0.30","0.31","0.29","0.295","139437"
"CZA","20110325","1.185","1.19","1.145","1.15","173151"
"CZD","20110325","0.042","0.042","0.04","0.042","13410750"
"CZN","20110325","0.115","0.115","0.11","0.11","1371510"
"DAU","20110325","0.625","0.625","0.615","0.615","26043"
"DCG","20110325","3.10","3.36","3.10","3.28","1036840"
"DDD","20110325","0.06","0.06","0.048","0.048","366300"
"DDT","20110325","0.042","0.042","0.042","0.042","30000"
"DEG","20110325","0.05","0.05","0.05","0.05","60000"
"DGO","20110325","0.078","0.08","0.078","0.08","637653"
"DGR","20110325","0.15","0.15","0.15","0.15","100000"
"DGX","20110325","0.19","0.19","0.185","0.185","300000"
"DIG","20110325","0.023","0.024","0.022","0.024","500000"
"DJS","20110325","4.67","4.68","4.58","4.67","6272206"
"DJW","20110325","4.10","4.10","4.09","4.10","37774"
"DLC","20110325","0.018","0.018","0.018","0.018","27640"
"DLS","20110325","0.58","0.58","0.575","0.58","39378"
"DLX","20110325","2.70","2.70","2.66","2.66","1606731"
"DMA","20110325","0.21","0.21","0.205","0.21","203000"
"DMG","20110325","0.41","0.415","0.40","0.41","355000"
"DML","20110325","1.17","1.235","1.17","1.23","2336795"
"DMN","20110325","0.003","0.003","0.003","0.003","835299"
"DMP","20110325","6.35","6.40","6.35","6.38","318266"
"DMX","20110325","0.20","0.20","0.20","0.20","111000"
"DOW","20110325","3.75","3.85","3.73","3.83","1312421"
"DRA","20110325","1.355","1.43","1.355","1.425","143852"
"DRK","20110325","0.50","0.50","0.49","0.49","58379"
"DRM","20110325","0.80","0.84","0.80","0.84","3393"
"DRX","20110325","0.08","0.08","0.08","0.08","25390"
"DSB","20110325","0.82","0.82","0.82","0.82","18750"
"DTE","20110325","0.855","0.895","0.855","0.88","3503126"
"DTG","20110325","0.55","0.55","0.55","0.55","17000"
"DTL","20110325","15.40","15.51","15.33","15.40","18301"
"DTM","20110325","0.05","0.051","0.05","0.051","125000"
"DUE","20110325","1.60","1.62","1.59","1.615","1911187"
"DUI","20110325","2.83","2.88","2.83","2.85","30478"
"DUO","20110325","0.20","0.21","0.20","0.21","55000"
"DVN","20110325","0.27","0.27","0.27","0.27","212202"
"DWS","20110325","1.435","1.435","1.405","1.425","144749"
"DXS","20110325","0.85","0.855","0.835","0.855","17818944"
"DYE","20110325","0.635","0.65","0.625","0.625","82296"
"DYL","20110325","0.25","0.255","0.235","0.235","1664924"
"EAL","20110325","0.205","0.205","0.19","0.19","48000"
"EAR","20110325","0.185","0.22","0.18","0.185","13200"
"EAU","20110325","15.90","15.90","15.77","15.88","19348"
"EBG","20110325","0.051","0.051","0.051","0.051","37700"
"EBT","20110325","0.062","0.066","0.06","0.066","53686"
"ECM","20110325","0.099","0.10","0.099","0.10","1074700"
"ECQ","20110325","0.055","0.055","0.055","0.055","150000"
"EDE","20110325","0.13","0.135","0.13","0.135","1017073"
"EDM","20110325","0.013","0.013","0.012","0.013","12738772"
"EDT","20110325","0.08","0.08","0.079","0.079","1460000"
"EEG","20110325","0.155","0.16","0.14","0.14","114500"
"EER","20110325","0.26","0.265","0.26","0.265","340280"
"EFE","20110325","0.15","0.175","0.15","0.175","50000"
"EFT","20110325","0.012","0.012","0.012","0.012","2880"
"EGL","20110325","0.07","0.07","0.07","0.07","79201"
"EGN","20110325","0.125","0.125","0.115","0.12","9707732"
"EGO","20110325","0.039","0.039","0.037","0.038","66738009"
"EHL","20110325","1.165","1.18","1.155","1.175","1680247"
"EHR","20110325","0.057","0.057","0.055","0.055","129526"
"EIO","20110325","0.046","0.047","0.043","0.044","16486021"
"EKA","20110325","0.365","0.395","0.365","0.395","507386"
"ELD","20110325","0.44","0.465","0.44","0.46","3788058"
"ELI","20110325","0.945","0.945","0.945","0.945","16000"
"ELK","20110325","0.30","0.30","0.29","0.30","183916"
"ELM","20110325","2.35","2.48","2.30","2.47","1182848"
"ELT","20110325","0.37","0.38","0.36","0.38","91000"
"ELX","20110325","0.18","0.18","0.18","0.18","7000"
"EMA","20110325","0.195","0.195","0.195","0.195","39638"
"EME","20110325","0.59","0.59","0.58","0.585","43208"
"EMG","20110325","0.21","0.21","0.21","0.21","38500"
"EMM","20110325","0.017","0.017","0.017","0.017","28000"
"EMR","20110325","0.038","0.039","0.038","0.039","905299"
"EMU","20110325","0.11","0.11","0.105","0.11","456664"
"EMX","20110325","0.205","0.205","0.205","0.205","64634"
"ENB","20110325","0.065","0.065","0.06","0.06","122762"
"ENE","20110325","2.56","2.60","2.56","2.60","58473"
"ENG","20110325","0.51","0.51","0.51","0.51","33"
"ENR","20110325","0.93","0.93","0.92","0.93","233374"
"ENT","20110325","0.18","0.18","0.18","0.18","10000"
"ENV","20110325","0.58","0.585","0.575","0.585","1182160"
"ENY","20110325","17.32","17.32","17.15","17.15","22000"
"EOC","20110325","0.41","0.44","0.40","0.40","750034"
"EOS","20110325","1.195","1.195","1.195","1.195","5"
"EPC","20110325","0.21","0.21","0.21","0.21","50000"
"EPD","20110325","0.22","0.22","0.22","0.22","6766"
"EPW","20110325","1.70","1.72","1.70","1.71","18000"
"EPX","20110325","1.56","1.57","1.56","1.57","16284"
"EPY","20110325","0.12","0.125","0.12","0.125","325000"
"EQN","20110325","5.39","5.42","5.34","5.37","7163317"
"EQT","20110325","16.09","16.09","16.00","16.00","1159"
"ERA","20110325","8.19","8.61","8.16","8.56","818326"
"ERH","20110325","0.065","0.065","0.065","0.065","186000"
"ERJ","20110325","0.022","0.023","0.021","0.023","1566044"
"ERL","20110325","0.09","0.09","0.09","0.09","300000"
"ERM","20110325","0.13","0.135","0.125","0.125","423000"
"ERN","20110325","0.215","0.23","0.215","0.215","415513"
"ERO","20110325","0.03","0.03","0.029","0.029","209000"
"ESG","20110325","0.73","0.77","0.725","0.755","5616078"
"ESI","20110325","0.018","0.018","0.018","0.018","1155051"
"ESV","20110325","0.67","0.67","0.67","0.67","19036"
"ETE","20110325","0.13","0.13","0.13","0.13","384634"
"EVE","20110325","0.17","0.175","0.16","0.16","530300"
"EVG","20110325","0.125","0.125","0.12","0.12","605000"
"EVM","20110325","0.042","0.042","0.04","0.04","133000"
"EWC","20110325","0.43","0.445","0.425","0.44","1828341"
"EXE","20110325","0.215","0.22","0.215","0.22","299792"
"EXG","20110325","0.046","0.047","0.046","0.047","334000"
"EXR","20110325","0.125","0.125","0.12","0.12","523500"
"EXS","20110325","0.59","0.595","0.56","0.59","224583"
"EXT","20110325","8.38","8.55","8.25","8.43","812381"
"EYE","20110325","0.135","0.135","0.125","0.125","85955"
"EZE","20110325","0.04","0.04","0.04","0.04","25000"
"EZL","20110325","2.05","2.18","2.05","2.13","71835"
"FAC","20110325","0.07","0.07","0.07","0.07","78571"
"FAN","20110325","2.40","2.40","2.28","2.28","2353"
"FAR","20110325","0.13","0.135","0.125","0.135","4627600"
"FAS","20110325","0.065","0.075","0.062","0.064","43342012"
"FBU","20110325","6.65","6.69","6.59","6.64","2417527"
"FCN","20110325","0.155","0.16","0.155","0.16","154950"
"FCR","20110325","0.26","0.26","0.26","0.26","22176"
"FEL","20110325","0.20","0.21","0.20","0.20","92950"
"FFF","20110325","0.059","0.059","0.059","0.059","700000"
"FGE","20110325","6.52","6.79","6.52","6.61","451782"
"FGL","20110325","5.65","5.84","5.62","5.69","21924931"
"FIS","20110325","0.069","0.071","0.069","0.071","480100"
"FIX","20110325","5.26","5.26","5.26","5.26","5000"
"FKP","20110325","0.835","0.845","0.83","0.845","2310300"
"FLK","20110325","0.13","0.13","0.125","0.125","49225"
"FLR","20110325","0.022","0.022","0.022","0.022","250000"
"FLT","20110325","21.24","21.65","21.06","21.52","275612"
"FMG","20110325","6.23","6.36","6.18","6.28","15181834"
"FMJ","20110325","2.20","2.49","2.20","2.20","650894"
"FML","20110325","0.091","0.092","0.089","0.09","28588734"
"FMS","20110325","0.185","0.195","0.185","0.185","2884254"
"FND","20110325","0.425","0.43","0.425","0.43","64000"
"FNP","20110325","0.27","0.27","0.27","0.27","15341"
"FNT","20110325","0.335","0.345","0.295","0.31","4347879"
"FPA","20110325","0.43","0.435","0.43","0.435","37736"
"FPH","20110325","2.26","2.26","2.26","2.26","230"
"FPS","20110325","1.45","1.45","1.41","1.43","21080"
"FRG","20110325","1.12","1.12","1.09","1.09","52550"
"FRI","20110325","1.055","1.055","1.05","1.05","27850"
"FRS","20110325","0.825","0.825","0.79","0.795","166500"
"FRY","20110325","0.23","0.23","0.23","0.23","65000"
"FSA","20110325","0.30","0.32","0.30","0.32","37267"
"FSE","20110325","0.023","0.023","0.023","0.023","883500"
"FUN","20110325","0.155","0.16","0.15","0.16","154882"
"FWA","20110325","0.10","0.10","0.10","0.10","12500"
"FWD","20110325","11.85","12.19","11.82","12.15","312480"
"FWL","20110325","0.17","0.17","0.17","0.17","5000"
"FXJ","20110325","1.27","1.295","1.255","1.275","7329844"
"FXL","20110325","1.86","1.87","1.80","1.86","614188"
"FXR","20110325","0.098","0.10","0.098","0.10","150000"
"FYI","20110325","0.095","0.095","0.095","0.095","3334"
"GBA","20110325","0.145","0.155","0.145","0.155","36700"
"GBE","20110325","0.31","0.31","0.305","0.31","76150"
"GBG","20110325","1.085","1.085","1.055","1.06","8388138"
"GBI","20110325","0.27","0.27","0.265","0.265","51671"
"GBM","20110325","0.019","0.019","0.019","0.019","200000"
"GBP","20110325","0.355","0.365","0.355","0.36","228494"
"GBT","20110325","0.98","0.98","0.98","0.98","8780"
"GBZ","20110325","0.097","0.10","0.097","0.10","482680"
"GCL","20110325","11.17","11.29","11.00","11.11","248017"
"GCN","20110325","0.023","0.023","0.02","0.021","607870"
"GCR","20110325","0.02","0.021","0.02","0.021","901400"
"GCS","20110325","1.845","1.87","1.81","1.85","62033"
"GCY","20110325","0.21","0.21","0.21","0.21","243234"
"GDA","20110325","0.01","0.01","0.01","0.01","1466547"
"GDN","20110325","0.012","0.012","0.012","0.012","135000"
"GDO","20110325","0.375","0.375","0.36","0.36","1359855"
"GDY","20110325","0.30","0.31","0.295","0.31","678217"
"GEM","20110325","0.96","0.96","0.96","0.96","47430"
"GFF","20110325","1.195","1.21","1.18","1.21","10823854"
"GFL","20110325","0.79","0.79","0.79","0.79","3000"
"GGE","20110325","0.006","0.007","0.006","0.007","17376299"
"GGG","20110325","1.04","1.055","1.005","1.05","1187555"
"GGP","20110325","0.015","0.015","0.015","0.015","2803364"
"GGX","20110325","0.061","0.065","0.061","0.065","244143"
"GIP","20110325","0.043","0.044","0.043","0.043","1205753"
"GJT","20110325","1.005","1.005","1.005","1.005","3792"
"GLA","20110325","0.33","0.385","0.33","0.37","442676"
"GLB","20110325","0.53","0.53","0.49","0.49","12639"
"GLE","20110325","0.28","0.30","0.28","0.30","10000"
"GLF","20110325","0.06","0.06","0.057","0.057","1906887"
"GLG","20110325","0.93","0.93","0.93","0.93","16256"
"GLL","20110325","0.225","0.24","0.225","0.24","15600"
"GLM","20110325","0.028","0.028","0.028","0.028","60000"
"GLN","20110325","0.023","0.025","0.022","0.025","278018"
"GLY","20110325","0.26","0.26","0.26","0.26","20000"
"GME","20110325","0.10","0.105","0.10","0.105","75320"
"GMG","20110325","0.715","0.72","0.705","0.715","42773625"
"GMI","20110325","1.26","1.28","1.26","1.28","56171"
"GMM","20110325","0.23","0.25","0.22","0.22","2655820"
"GMR","20110325","0.16","0.165","0.155","0.16","1084589"
"GMX","20110325","0.17","0.17","0.17","0.17","760"
"GNC","20110325","7.46","7.49","7.34","7.38","701892"
"GNI","20110325","0.031","0.031","0.031","0.031","290000"
"GNM","20110325","0.60","0.60","0.59","0.59","459213"
"GNS","20110325","0.575","0.61","0.57","0.60","4109231"
"GNV","20110325","0.05","0.05","0.05","0.05","250000"
"GOA","20110325","0.037","0.038","0.026","0.034","40992211"
"GOR","20110325","0.435","0.50","0.435","0.475","10031500"
"GOT","20110325","0.345","0.39","0.345","0.355","189100"
"GOW","20110325","2.39","2.39","2.39","2.39","18042"
"GOZ","20110325","1.88","1.88","1.88","1.88","2667"
"GPG","20110325","0.585","0.585","0.58","0.58","614976"
"GPM","20110325","0.185","0.19","0.185","0.19","186500"
"GPP","20110325","0.056","0.06","0.056","0.06","15000"
"GPT","20110325","3.08","3.10","3.05","3.07","8307515"
"GRB","20110325","0.072","0.072","0.072","0.072","200000"
"GRF","20110325","1.89","1.89","1.89","1.89","53270"
"GRG","20110325","0.21","0.215","0.21","0.215","50000"
"GRK","20110325","0.022","0.022","0.022","0.022","195423"
"GRM","20110325","0.058","0.06","0.056","0.056","587914"
"GRR","20110325","0.66","0.70","0.655","0.675","4407726"
"GRY","20110325","1.93","1.93","1.88","1.90","647146"
"GSC","20110325","0.071","0.071","0.069","0.07","70000"
"GSE","20110325","0.042","0.047","0.042","0.047","250000"
"GTE","20110325","0.41","0.445","0.41","0.445","306399"
"GTG","20110325","0.078","0.078","0.078","0.078","510000"
"GUD","20110325","9.43","9.44","9.26","9.39","274841"
"GUF","20110325","0.715","0.76","0.715","0.725","429257"
"GUL","20110325","0.17","0.17","0.17","0.17","20000"
"GUN","20110325","0.23","0.235","0.225","0.235","582478"
"GWA","20110325","3.27","3.32","3.26","3.32","248412"
"GWR","20110325","0.70","0.70","0.69","0.69","457749"
"GXL","20110325","0.865","0.87","0.85","0.87","23503"
"GXY","20110325","1.345","1.35","1.32","1.335","264981"
"GZL","20110325","2.05","2.05","2.05","2.05","1000"
"HAO","20110325","0.10","0.10","0.10","0.10","255000"
"HAR","20110325","0.50","0.51","0.50","0.51","221085"
"HAS","20110325","0.36","0.36","0.345","0.345","40833"
"HAV","20110325","0.47","0.475","0.47","0.47","74834"
"HAW","20110325","0.011","0.011","0.009","0.01","30393571"
"HAZ","20110325","0.20","0.20","0.195","0.20","824500"
"HCG","20110325","0.037","0.037","0.037","0.037","210411"
"HCH","20110325","0.79","0.79","0.75","0.75","274627"
"HCT","20110325","0.09","0.09","0.09","0.09","4282"
"HDF","20110325","1.56","1.565","1.525","1.555","658593"
"HDG","20110325","0.405","0.41","0.38","0.395","197807"
"HEG","20110325","0.067","0.069","0.065","0.067","287835"
"HEM","20110325","0.31","0.32","0.31","0.315","87000"
"HFA","20110325","1.24","1.285","1.24","1.285","112598"
"HGG","20110325","2.65","2.70","2.59","2.66","1614578"
"HGO","20110325","0.28","0.295","0.28","0.285","4741090"
"HHL","20110325","5.44","5.51","5.44","5.51","7316"
"HHM","20110325","0.36","0.36","0.355","0.355","34000"
"HHV","20110325","0.84","0.86","0.835","0.835","71005"
"HHY","20110325","1.19","1.19","1.19","1.19","22822"
"HIG","20110325","0.35","0.365","0.35","0.365","360377"
"HIL","20110325","1.52","1.555","1.515","1.545","571899"
"HIN","20110325","2.54","2.54","2.42","2.42","15425"
"HIP","20110325","1.35","1.35","1.30","1.35","10600"
"HLX","20110325","0.11","0.11","0.11","0.11","6000"
"HNG","20110325","1.32","1.32","1.315","1.32","32636"
"HNR","20110325","0.205","0.21","0.205","0.205","267409"
"HOG","20110325","0.465","0.47","0.455","0.46","345299"
"HOM","20110325","0.78","0.78","0.75","0.75","2000"
"HOR","20110325","0.445","0.45","0.425","0.45","371640"
"HRL","20110325","0.047","0.047","0.047","0.047","211380"
"HRR","20110325","0.22","0.22","0.205","0.205","58950"
"HRS","20110325","0.39","0.39","0.39","0.39","5000"
"HSK","20110325","0.165","0.165","0.16","0.165","401909"
"HSN","20110325","0.89","0.90","0.89","0.90","20300"
"HTA","20110325","0.087","0.089","0.087","0.089","124256"
"HTI","20110325","0.009","0.01","0.009","0.009","240000"
"HTM","20110325","0.015","0.015","0.015","0.015","364714"
"HTX","20110325","0.055","0.055","0.055","0.055","145000"
"HUM","20110325","0.012","0.012","0.011","0.011","5707600"
"HUN","20110325","1.485","1.49","1.435","1.48","2012044"
"HVN","20110325","2.93","2.98","2.92","2.97","2905764"
"HXL","20110325","0.36","0.37","0.36","0.37","9992"
"HZN","20110325","0.37","0.37","0.36","0.365","1160327"
"IAA","20110325","45.83","45.83","43.59","45.73","108822"
"IAG","20110325","3.47","3.51","3.44","3.51","16681356"
"IAU","20110325","2.07","2.10","2.04","2.10","1928513"
"IAW","20110325","0.145","0.145","0.145","0.145","50000"
"IBG","20110325","0.24","0.245","0.235","0.245","972000"
"IBK","20110325","48.02","48.11","47.96","48.11","340"
"ICN","20110325","0.31","0.31","0.295","0.31","6946762"
"ICP","20110325","0.325","0.325","0.325","0.325","30000"
"IDC","20110325","0.325","0.35","0.31","0.35","923906"
"IDE","20110325","0.85","0.85","0.85","0.85","15100"
"IDG","20110325","5.20","5.20","5.20","5.20","1479"
"IDL","20110325","1.37","1.39","1.35","1.385","1148211"
"IDM","20110325","0.235","0.24","0.235","0.24","293120"
"IDO","20110325","0.35","0.35","0.35","0.35","830"
"IDT","20110325","0.51","0.51","0.51","0.51","9483"
"IEF","20110325","0.115","0.115","0.11","0.11","13000"
"IEM","20110325","46.75","46.77","46.20","46.60","11150"
"IEU","20110325","41.23","41.25","41.23","41.25","141"
"IFE","20110325","0.72","0.73","0.72","0.725","149098"
"IFL","20110325","7.20","7.22","7.10","7.14","311040"
"IFM","20110325","0.245","0.25","0.245","0.245","62298"
"IFN","20110325","0.385","0.40","0.38","0.39","3269476"
"IGO","20110325","6.44","6.61","6.38","6.56","510145"
"IGR","20110325","0.485","0.49","0.475","0.48","3466261"
"IGS","20110325","0.061","0.064","0.059","0.063","225000"
"IHD","20110325","14.97","14.97","14.97","14.97","1000"
"IHF","20110325","0.785","0.785","0.78","0.78","9169"
"IHK","20110325","18.20","18.20","18.15","18.15","3012"
"III","20110325","0.13","0.13","0.12","0.12","64939"
"IIN","20110325","2.53","2.64","2.53","2.59","767614"
"IJH","20110325","94.75","94.75","94.75","94.75","104"
"IJP","20110325","9.03","10.47","9.03","10.20","2697"
"IJR","20110325","70.63","70.63","70.63","70.63","170"
"ILC","20110325","20.50","20.50","20.44","20.45","2482"
"ILF","20110325","0.091","0.095","0.091","0.095","129960"
"ILU","20110325","12.25","12.33","11.64","11.75","4306600"
"IMA","20110325","0.495","0.495","0.48","0.49","77270"
"IMC","20110325","0.069","0.069","0.068","0.068","600488"
"IMD","20110325","2.08","2.16","2.05","2.06","1125816"
"IMF","20110325","1.58","1.58","1.555","1.575","94124"
"INE","20110325","0.042","0.042","0.042","0.042","46862"
"INL","20110325","0.029","0.03","0.029","0.029","369335"
"INP","20110325","0.195","0.20","0.195","0.20","1554273"
"INQ","20110325","0.10","0.105","0.10","0.105","770000"
"INT","20110325","0.004","0.004","0.004","0.004","2014633"
"IOG","20110325","0.38","0.45","0.37","0.37","758890"
"IOH","20110325","2.00","2.02","1.90","1.91","358454"
"IOO","20110325","64.30","64.30","63.84","64.09","7960"
"IOZ","20110325","20.44","20.49","20.44","20.49","1558"
"IPD","20110325","0.71","0.74","0.71","0.74","192805"
"IPE","20110325","0.325","0.325","0.315","0.325","75640"
"IPL","20110325","4.38","4.38","4.28","4.30","8361590"
"IPT","20110325","0.13","0.14","0.105","0.14","264284"
"IRC","20110325","0.14","0.14","0.14","0.14","80000"
"IRD","20110325","1.095","1.095","1.06","1.08","143101"
"IRE","20110325","9.07","9.23","9.01","9.20","183383"
"IRG","20110325","0.013","0.013","0.013","0.013","2046154"
"IRI","20110325","0.32","0.32","0.32","0.32","13700"
"IRL","20110325","0.015","0.015","0.014","0.014","143335"
"IRM","20110325","0.125","0.125","0.12","0.12","108000"
"IRN","20110325","0.69","0.69","0.655","0.66","2610016"
"IRU","20110325","79.89","79.89","79.89","79.89","1"
"ISO","20110325","5.14","5.18","5.14","5.16","19005"
"ISS","20110325","0.135","0.14","0.135","0.14","52000"
"IVA","20110325","3.40","3.45","3.40","3.43","134148"
"IVC","20110325","6.98","7.07","6.98","7.03","398120"
"IVE","20110325","58.68","58.90","58.68","58.85","416"
"IVG","20110325","0.145","0.145","0.145","0.145","6000"
"IVR","20110325","0.087","0.087","0.085","0.087","349000"
"IVV","20110325","129.80","130.11","129.65","129.97","10236"
"IXI","20110325","61.52","61.92","61.51","61.92","1620"
"IXR","20110325","0.60","0.60","0.59","0.595","274900"
"IZZ","20110325","42.77","42.83","42.69","42.71","1795"
"JAL","20110325","0.11","0.115","0.105","0.105","518642"
"JBH","20110325","18.50","18.60","18.34","18.45","345584"
"JET","20110325","0.725","0.725","0.725","0.725","200"
"JHX","20110325","6.37","6.38","6.17","6.25","2050618"
"JIN","20110325","0.47","0.47","0.45","0.45","17000"
"JKA","20110325","0.125","0.125","0.10","0.10","320000"
"JMB","20110325","0.13","0.13","0.13","0.13","24000"
"JML","20110325","0.775","0.805","0.77","0.805","3676644"
"JMS","20110325","0.555","0.57","0.545","0.56","2072849"
"JPR","20110325","0.056","0.059","0.056","0.058","6593979"
"JRL","20110325","0.47","0.47","0.47","0.47","22850"
"JRV","20110325","0.004","0.005","0.004","0.004","5922420"
"JVG","20110325","0.009","0.009","0.009","0.009","500000"
"KAM","20110325","1.045","1.05","1.045","1.045","83120"
"KAR","20110325","6.99","7.06","6.86","7.00","852824"
"KAS","20110325","0.28","0.285","0.27","0.28","964586"
"KBC","20110325","0.08","0.083","0.08","0.083","6500"
"KBL","20110325","0.28","0.29","0.28","0.28","264493"
"KCN","20110325","8.90","9.07","8.77","8.99","636413"
"KDR","20110325","0.35","0.39","0.35","0.385","636617"
"KEN","20110325","0.06","0.06","0.06","0.06","8500"
"KEY","20110325","0.028","0.031","0.028","0.031","570000"
"KGD","20110325","1.65","1.70","1.65","1.70","211687"
"KGL","20110325","0.145","0.15","0.135","0.14","4319588"
"KIK","20110325","0.044","0.045","0.042","0.044","7773097"
"KIS","20110325","0.28","0.28","0.27","0.27","51458"
"KKT","20110325","0.10","0.10","0.10","0.10","42377"
"KMD","20110325","1.62","1.68","1.62","1.65","230617"
"KME","20110325","0.055","0.055","0.055","0.055","55000"
"KOG","20110325","0.003","0.003","0.003","0.003","4421926"
"KOR","20110325","0.29","0.29","0.29","0.29","15380"
"KOV","20110325","3.95","3.95","3.95","3.95","1500"
"KRA","20110325","0.18","0.19","0.18","0.19","187535"
"KRB","20110325","0.22","0.24","0.22","0.24","130000"
"KRL","20110325","0.125","0.13","0.12","0.125","2639456"
"KRM","20110325","1.63","1.685","1.61","1.62","514851"
"KRS","20110325","0.27","0.27","0.27","0.27","33000"
"KSC","20110325","1.97","1.99","1.95","1.99","31859"
"KSO","20110325","0.10","0.12","0.10","0.12","763076"
"KSX","20110325","0.019","0.019","0.018","0.018","2401863"
"KTE","20110325","0.093","0.093","0.087","0.087","35267"
"KTL","20110325","0.006","0.006","0.006","0.006","150000"
"KZL","20110325","0.61","0.64","0.61","0.63","9368492"
"LAU","20110325","0.205","0.205","0.205","0.205","718"
"LBT","20110325","0.06","0.06","0.06","0.06","80000"
"LBY","20110325","0.10","0.105","0.10","0.10","959593"
"LCT","20110325","0.083","0.083","0.077","0.081","1934054"
"LCY","20110325","0.08","0.081","0.073","0.073","615289"
"LDW","20110325","4.80","4.80","4.72","4.72","5999"
"LEG","20110325","0.044","0.048","0.044","0.048","4414604"
"LEI","20110325","29.60","29.77","29.42","29.50","2139281"
"LEP","20110325","2.04","2.04","2.01","2.01","90631"
"LGD","20110325","0.335","0.34","0.335","0.34","76200"
"LGO","20110325","0.009","0.009","0.008","0.008","2345394"
"LIO","20110325","0.04","0.04","0.04","0.04","4870"
"LKE","20110325","0.054","0.054","0.054","0.054","10000"
"LKO","20110325","0.006","0.006","0.006","0.006","268333"
"LLC","20110325","8.73","8.91","8.66","8.75","3056451"
"LMC","20110325","3.90","3.90","3.81","3.81","10080"
"LME","20110325","0.105","0.105","0.10","0.105","74799"
"LMG","20110325","0.034","0.038","0.034","0.036","6538284"
"LML","20110325","0.15","0.155","0.15","0.155","45522"
"LMW","20110325","0.38","0.38","0.38","0.38","1500"
"LNC","20110325","2.88","2.90","2.85","2.87","1517492"
"LNG","20110325","0.545","0.545","0.515","0.52","218102"
"LOD","20110325","0.079","0.08","0.079","0.08","153000"
"LOM","20110325","0.036","0.038","0.036","0.038","1326523"
"LRC","20110325","0.027","0.031","0.027","0.031","3013205"
"LRF","20110325","0.965","0.98","0.965","0.98","23450"
"LRG","20110325","0.03","0.03","0.03","0.03","271339"
"LRL","20110325","0.27","0.28","0.27","0.275","291666"
"LRS","20110325","0.325","0.335","0.325","0.335","61500"
"LSA","20110325","0.014","0.014","0.013","0.013","531490"
"LSL","20110325","0.04","0.04","0.04","0.04","1820"
"LSN","20110325","0.175","0.175","0.175","0.175","924"
"LSR","20110325","0.08","0.08","0.08","0.08","1631"
"LTR","20110325","0.065","0.065","0.065","0.065","100000"
"LWB","20110325","3.80","3.84","3.80","3.84","6800"
"LYC","20110325","2.13","2.15","2.11","2.14","29130786"
"LYL","20110325","6.75","6.77","6.56","6.75","20131"
"MAB","20110325","0.031","0.031","0.031","0.031","2495"
"MAD","20110325","0.205","0.21","0.205","0.21","329835"
"MAE","20110325","0.027","0.027","0.027","0.027","275000"
"MAH","20110325","0.555","0.575","0.55","0.575","2028266"
"MAK","20110325","0.53","0.54","0.52","0.53","1067302"
"MAN","20110325","0.009","0.01","0.009","0.01","900000"
"MAP","20110325","2.98","2.99","2.96","2.98","7322177"
"MAQ","20110325","11.30","11.49","11.30","11.49","1872"
"MAR","20110325","0.072","0.075","0.07","0.07","130949"
"MAT","20110325","0.29","0.29","0.28","0.28","43500"
"MAU","20110325","0.275","0.28","0.275","0.28","11711"
"MBA","20110325","0.017","0.017","0.017","0.017","145898"
"MBD","20110325","0.125","0.125","0.125","0.125","21600"
"MBK","20110325","0.19","0.19","0.19","0.19","50000"
"MBN","20110325","2.00","2.08","1.985","2.05","2945463"
"MBT","20110325","0.19","0.20","0.19","0.20","543100"
"MCC","20110325","11.85","11.95","11.73","11.85","2095467"
"MCE","20110325","9.17","9.30","9.10","9.15","159170"
"MCL","20110325","0.001","0.002","0.001","0.001","509147"
"MCO","20110325","0.385","0.39","0.38","0.385","89458"
"MCP","20110325","3.12","3.21","3.11","3.21","21021"
"MCR","20110325","1.415","1.435","1.385","1.435","1392064"
"MDA","20110325","0.019","0.019","0.018","0.018","315000"
"MDI","20110325","0.56","0.575","0.56","0.575","62200"
"MDL","20110325","6.25","6.60","6.25","6.50","60916"
"MDO","20110325","0.215","0.215","0.215","0.215","43600"
"MDS","20110325","0.03","0.03","0.028","0.028","11524"
"MDV","20110325","0.005","0.005","0.004","0.005","7852288"
"MDX","20110325","0.42","0.42","0.42","0.42","18446"
"MEF","20110325","0.90","0.90","0.90","0.90","5000"
"MEI","20110325","0.105","0.115","0.105","0.115","100000"
"MEL","20110325","0.365","0.365","0.35","0.35","558374"
"MEO","20110325","0.215","0.215","0.21","0.215","823598"
"MEP","20110325","0.27","0.27","0.26","0.26","93307"
"MES","20110325","0.205","0.21","0.205","0.21","2750"
"MET","20110325","0.60","0.60","0.59","0.59","79398"
"MEU","20110325","0.095","0.095","0.093","0.093","77700"
"MEY","20110325","0.06","0.06","0.06","0.06","513223"
"MFF","20110325","0.705","0.72","0.705","0.72","91494"
"MFG","20110325","1.68","1.68","1.68","1.68","4334"
"MGK","20110325","0.022","0.022","0.021","0.021","2473972"
"MGO","20110325","0.30","0.315","0.29","0.315","1898885"
"MGR","20110325","1.245","1.25","1.225","1.24","16800869"
"MGX","20110325","1.985","2.05","1.97","1.97","9682323"
"MGY","20110325","0.058","0.058","0.056","0.057","569000"
"MHC","20110325","1.00","1.00","1.00","1.00","33987"
"MHL","20110325","0.003","0.003","0.003","0.003","800000"
"MHM","20110325","0.98","1.05","0.975","1.015","559390"
"MIK","20110325","0.032","0.032","0.032","0.032","3460"
"MIN","20110325","11.25","11.93","11.25","11.84","487544"
"MIO","20110325","1.70","1.735","1.70","1.73","5665"
"MIR","20110325","1.845","1.855","1.845","1.85","92490"
"MIX","20110325","0.044","0.046","0.044","0.046","909300"
"MKB","20110325","0.087","0.087","0.087","0.087","15339"
"MKE","20110325","0.25","0.25","0.25","0.25","128000"
"MKO","20110325","0.22","0.22","0.21","0.22","512587"
"MLA","20110325","0.036","0.036","0.034","0.034","521500"
"MLB","20110325","1.80","1.825","1.79","1.795","16001"
"MLC","20110325","0.26","0.27","0.26","0.27","35000"
"MLD","20110325","2.56","2.58","2.48","2.48","867245"
"MLI","20110325","0.085","0.086","0.085","0.086","40000"
"MLM","20110325","0.275","0.28","0.275","0.275","233000"
"MLS","20110325","0.035","0.041","0.035","0.041","1692362"
"MLT","20110325","15.95","15.99","15.83","15.83","36280"
"MLX","20110325","0.315","0.32","0.30","0.31","1260246"
"MML","20110325","7.24","7.30","7.16","7.21","833589"
"MMR","20110325","0.25","0.32","0.25","0.29","1501999"
"MMS","20110325","9.37","9.44","9.35","9.42","42018"
"MMW","20110325","0.275","0.29","0.275","0.28","328840"
"MMX","20110325","1.08","1.105","1.055","1.06","3560515"
"MMZ","20110325","0.008","0.008","0.008","0.008","700000"
"MNB","20110325","0.50","0.51","0.46","0.51","262500"
"MNC","20110325","0.38","0.38","0.375","0.38","2132928"
"MND","20110325","21.40","21.56","21.29","21.41","288148"
"MNM","20110325","0.15","0.15","0.145","0.145","392299"
"MNW","20110325","0.024","0.029","0.024","0.029","371590"
"MOC","20110325","1.45","1.48","1.425","1.45","112002"
"MOG","20110325","0.046","0.048","0.045","0.048","639708"
"MOL","20110325","1.08","1.115","1.07","1.115","341777"
"MOO","20110325","0.022","0.026","0.022","0.024","5971154"
"MOX","20110325","0.07","0.073","0.07","0.073","220539"
"MOY","20110325","0.031","0.031","0.03","0.03","1787108"
"MOZ","20110325","0.27","0.27","0.25","0.265","641151"
"MPJ","20110325","0.047","0.049","0.047","0.049","41200"
"MPO","20110325","0.86","0.88","0.86","0.87","563221"
"MQA","20110325","1.91","1.935","1.90","1.91","2392069"
"MQG","20110325","35.99","36.50","35.92","36.32","3669203"
"MRC","20110325","0.09","0.09","0.085","0.085","30000"
"MRE","20110325","0.77","0.80","0.77","0.78","2344205"
"MRM","20110325","3.18","3.19","3.13","3.15","451031"
"MRN","20110325","1.15","1.16","1.15","1.16","7000"
"MRP","20110325","0.32","0.32","0.32","0.32","6000"
"MRU","20110325","6.70","6.75","6.68","6.72","261860"
"MSB","20110325","7.90","7.90","7.67","7.80","1185366"
"MSF","20110325","3.60","3.63","3.58","3.63","95558"
"MSR","20110325","0.245","0.26","0.245","0.255","390000"
"MST","20110325","0.007","0.007","0.007","0.007","1760000"
"MTB","20110325","0.016","0.016","0.016","0.016","60000"
"MTD","20110325","0.025","0.025","0.025","0.025","32500"
"MTE","20110325","0.305","0.31","0.29","0.31","234848"
"MTH","20110325","0.19","0.19","0.185","0.185","340000"
"MTI","20110325","0.004","0.004","0.004","0.004","130000"
"MTN","20110325","0.43","0.43","0.42","0.42","53439"
"MTS","20110325","4.02","4.05","3.96","4.01","7694320"
"MTU","20110325","3.76","3.78","3.73","3.75","182361"
"MUE","20110325","0.19","0.19","0.19","0.19","121000"
"MUI","20110325","0.015","0.015","0.015","0.015","100523"
"MUM","20110325","0.105","0.105","0.105","0.105","26440"
"MUN","20110325","0.12","0.12","0.115","0.115","1232366"
"MUT","20110325","0.011","0.014","0.009","0.009","4291396"
"MUX","20110325","0.77","0.79","0.77","0.78","3963"
"MVP","20110325","0.44","0.44","0.42","0.42","43325"
"MWG","20110325","1.42","1.42","1.42","1.42","1000"
"MWN","20110325","0.13","0.13","0.13","0.13","50000"
"MWS","20110325","0.018","0.018","0.018","0.018","53110"
"MXI","20110325","0.245","0.245","0.235","0.235","119008"
"MXR","20110325","0.02","0.021","0.02","0.021","788868"
"MYE","20110325","1.52","1.55","1.52","1.55","34900"
"MYG","20110325","0.145","0.15","0.14","0.145","5137317"
"MYR","20110325","3.12","3.19","3.12","3.17","7529692"
"MYS","20110325","3.75","3.75","3.75","3.75","10964"
"MYX","20110325","0.69","0.70","0.675","0.70","243893"
"MZI","20110325","0.015","0.016","0.014","0.014","220000"
"MZM","20110325","0.84","0.84","0.77","0.77","17618"
"NAB","20110325","24.99","25.30","24.84","25.02","9614759"
"NAD","20110325","0.34","0.34","0.34","0.34","10000"
"NAE","20110325","0.08","0.08","0.08","0.08","250000"
"NAM","20110325","0.465","0.465","0.455","0.455","78000"
"NAN","20110325","0.90","0.93","0.90","0.93","54098"
"NAV","20110325","0.205","0.21","0.20","0.205","2419474"
"NBS","20110325","0.10","0.10","0.099","0.10","600000"
"NCI","20110325","1.20","1.20","1.20","1.20","942"
"NCK","20110325","1.65","1.65","1.62","1.62","17366"
"NCM","20110325","38.75","38.98","38.61","38.76","6436118"
"NCO","20110325","0.14","0.16","0.14","0.16","285000"
"NCR","20110325","0.485","0.495","0.475","0.485","446531"
"NDL","20110325","0.047","0.049","0.047","0.049","25000"
"NDO","20110325","0.115","0.115","0.11","0.115","5866196"
"NEC","20110325","1.77","1.77","1.75","1.75","4500"
"NEN","20110325","0.255","0.26","0.25","0.255","308441"
"NEU","20110325","0.016","0.016","0.016","0.016","25000"
"NFE","20110325","1.75","1.75","1.655","1.68","29777"
"NFK","20110325","1.25","1.29","1.24","1.285","165003"
"NGE","20110325","0.165","0.165","0.16","0.165","331500"
"NGF","20110325","0.165","0.17","0.165","0.165","448662"
"NHC","20110325","4.96","5.01","4.90","4.92","747403"
"NHF","20110325","1.42","1.43","1.41","1.43","212447"
"NHR","20110325","1.48","1.48","1.475","1.475","11000"
"NKP","20110325","0.33","0.335","0.325","0.335","1736166"
"NLS","20110325","0.02","0.02","0.02","0.02","40000"
"NME","20110325","0.145","0.145","0.145","0.145","3500"
"NMG","20110325","0.63","0.645","0.62","0.645","835191"
"NMI","20110325","0.072","0.072","0.068","0.07","378000"
"NMR","20110325","0.067","0.067","0.067","0.067","2366"
"NMS","20110325","0.049","0.05","0.047","0.048","3888025"
"NOD","20110325","0.125","0.13","0.12","0.125","1213500"
"NOE","20110325","0.29","0.29","0.285","0.285","197310"
"NPX","20110325","2.31","2.32","2.31","2.32","1682"
"NRL","20110325","0.10","0.17","0.099","0.155","200958008"
"NRT","20110325","0.20","0.20","0.18","0.19","116681"
"NRU","20110325","0.06","0.062","0.06","0.062","100000"
"NSE","20110325","0.165","0.17","0.165","0.17","376600"
"NSL","20110325","0.044","0.044","0.044","0.044","10000"
"NSP","20110325","0.20","0.20","0.20","0.20","32250"
"NST","20110325","0.365","0.365","0.355","0.36","251769"
"NTU","20110325","0.51","0.525","0.51","0.52","369225"
"NUF","20110325","5.30","5.42","5.29","5.35","968862"
"NUP","20110325","0.034","0.038","0.034","0.038","421165"
"NVT","20110325","4.29","4.30","4.22","4.28","973323"
"NWE","20110325","0.052","0.053","0.048","0.048","6068918"
"NWH","20110325","2.75","2.91","2.71","2.85","1822215"
"NWS","20110325","17.63","17.82","17.59","17.75","2076428"
"NWT","20110325","0.007","0.008","0.007","0.008","3725000"
"NXS","20110325","0.475","0.495","0.475","0.485","4694491"
"NXT","20110325","1.53","1.53","1.50","1.50","207882"
"NZO","20110325","0.67","0.67","0.665","0.665","9910"
"OAK","20110325","0.35","0.35","0.345","0.35","299333"
"OBJ","20110325","0.02","0.021","0.02","0.021","4488381"
"OBL","20110325","0.033","0.036","0.033","0.034","5908033"
"ODY","20110325","0.066","0.067","0.064","0.064","570000"
"OEC","20110325","0.37","0.41","0.37","0.41","319890"
"OEL","20110325","0.092","0.095","0.092","0.093","5861404"
"OEX","20110325","0.38","0.39","0.37","0.39","140074"
"OGC","20110325","2.65","2.77","2.65","2.75","2494646"
"OIL","20110325","0.049","0.049","0.049","0.049","20000"
"OIP","20110325","0.05","0.051","0.05","0.051","300000"
"OKJ","20110325","0.33","0.335","0.33","0.335","70000"
"OKN","20110325","2.28","2.29","2.24","2.28","241532"
"OKU","20110325","0.044","0.045","0.043","0.045","523000"
"OLE","20110325","0.003","0.004","0.003","0.004","10301667"
"OMH","20110325","1.385","1.405","1.385","1.395","811702"
"OMI","20110325","0.008","0.008","0.008","0.008","2115350"
"OMX","20110325","0.025","0.025","0.025","0.025","240000"
"ONC","20110325","0.20","0.21","0.20","0.21","74503"
"ONT","20110325","3.90","3.90","3.90","3.90","400"
"ORC","20110325","0.046","0.046","0.046","0.046","238000"
"ORD","20110325","0.045","0.045","0.044","0.044","840804"
"ORE","20110325","2.83","2.83","2.75","2.76","215305"
"ORG","20110325","15.49","15.93","15.46","15.86","4624257"
"ORI","20110325","25.44","25.78","25.32","25.72","1701807"
"ORL","20110325","7.88","7.89","7.80","7.80","60789"
"ORM","20110325","0.18","0.18","0.18","0.18","5000"
"ORO","20110325","0.005","0.006","0.005","0.006","593600"
"ORS","20110325","0.18","0.18","0.18","0.18","273339"
"ORX","20110325","0.22","0.22","0.21","0.22","140000"
"OSH","20110325","7.05","7.23","7.03","7.22","11705014"
"OST","20110325","2.45","2.54","2.45","2.51","18403460"
"OTI","20110325","0.035","0.035","0.035","0.035","33300"
"OVR","20110325","0.215","0.22","0.21","0.22","103798"
"OXX","20110325","0.50","0.50","0.50","0.50","6279"
"OZG","20110325","0.175","0.175","0.175","0.175","30000"
"OZL","20110325","1.575","1.585","1.565","1.575","17753272"
"PAA","20110325","0.026","0.026","0.025","0.025","28733"
"PAB","20110325","0.10","0.105","0.10","0.10","1056381"
"PAG","20110325","1.52","1.55","1.505","1.53","95810"
"PAN","20110325","2.28","2.36","2.24","2.36","1845522"
"PAX","20110325","0.057","0.057","0.055","0.055","321000"
"PAY","20110325","2.95","2.95","2.95","2.95","1400"
"PBD","20110325","0.081","0.081","0.08","0.08","138208"
"PBG","20110325","0.83","0.835","0.815","0.825","3826471"
"PBP","20110325","0.59","0.59","0.58","0.58","12590"
"PBT","20110325","0.255","0.255","0.24","0.25","3467173"
"PCL","20110325","0.094","0.10","0.094","0.099","5178621"
"PCP","20110325","0.085","0.086","0.085","0.085","201858"
"PDI","20110325","0.25","0.27","0.25","0.27","145000"
"PDM","20110325","0.026","0.027","0.026","0.026","230000"
"PDN","20110325","3.78","3.87","3.73","3.85","8250416"
"PDY","20110325","0.034","0.037","0.034","0.036","38607191"
"PDZ","20110325","0.17","0.17","0.165","0.165","70975"
"PEA","20110325","0.435","0.435","0.435","0.435","4800"
"PEK","20110325","0.695","0.71","0.685","0.70","333465"
"PEL","20110325","0.086","0.09","0.086","0.09","150783"
"PEM","20110325","0.62","0.63","0.61","0.62","2537264"
"PEN","20110325","0.105","0.11","0.10","0.10","24361404"
"PET","20110325","0.775","0.775","0.775","0.775","2000"
"PFG","20110325","0.16","0.17","0.16","0.17","55960"
"PFL","20110325","1.43","1.43","1.40","1.43","14669"
"PGA","20110325","0.069","0.07","0.069","0.07","444513"
"PGL","20110325","0.32","0.32","0.32","0.32","2700"
"PGM","20110325","0.35","0.35","0.335","0.335","46742"
"PHG","20110325","0.042","0.044","0.042","0.044","103615"
"PHK","20110325","0.06","0.06","0.056","0.056","165000"
"PIE","20110325","0.021","0.021","0.021","0.021","889444"
"PIO","20110325","0.036","0.037","0.036","0.037","644280"
"PIR","20110325","0.795","0.82","0.795","0.81","623271"
"PLA","20110325","0.595","0.62","0.595","0.605","755662"
"PLV","20110325","0.90","0.905","0.895","0.905","186375"
"PMC","20110325","1.315","1.325","1.31","1.31","22841"
"PME","20110325","0.32","0.32","0.32","0.32","2000"
"PMP","20110325","0.73","0.73","0.64","0.685","20713"
"PMV","20110325","6.01","6.16","6.01","6.16","294052"
"PNA","20110325","0.775","0.795","0.775","0.785","12626045"
"PNE","20110325","0.20","0.22","0.20","0.22","89886"
"PNO","20110325","0.012","0.013","0.011","0.011","9928868"
"PNR","20110325","0.46","0.48","0.46","0.48","445000"
"PNX","20110325","0.275","0.275","0.275","0.275","50000"
"POH","20110325","0.11","0.12","0.105","0.11","1149131"
"POS","20110325","0.28","0.28","0.265","0.265","66425"
"POZ","20110325","0.16","0.16","0.145","0.15","437770"
"PPC","20110325","1.95","1.95","1.85","1.915","72608"
"PPK","20110325","0.33","0.33","0.325","0.33","51167"
"PPP","20110325","0.155","0.16","0.15","0.16","410000"
"PPS","20110325","0.25","0.25","0.25","0.25","173080"
"PPT","20110325","29.50","29.94","29.15","29.59","108219"
"PPX","20110325","0.365","0.37","0.36","0.36","1429986"
"PPY","20110325","0.11","0.115","0.11","0.115","22350"
"PRA","20110325","0.69","0.69","0.67","0.67","20000"
"PRE","20110325","0.007","0.008","0.007","0.008","1393000"
"PRG","20110325","1.72","1.73","1.70","1.70","204961"
"PRO","20110325","0.27","0.27","0.27","0.27","3000"
"PRR","20110325","0.24","0.24","0.23","0.235","3619758"
"PRT","20110325","0.70","0.70","0.70","0.70","1000"
"PRU","20110325","3.04","3.10","3.00","3.10","2325897"
"PRV","20110325","0.735","0.745","0.73","0.745","50373"
"PRW","20110325","0.06","0.06","0.06","0.06","50000"
"PRY","20110325","2.90","3.05","2.90","3.00","3538509"
"PSF","20110325","0.165","0.165","0.15","0.16","286918"
"PSH","20110325","0.23","0.23","0.225","0.23","44785"
"PSP","20110325","0.11","0.115","0.11","0.11","139500"
"PSY","20110325","0.083","0.083","0.08","0.08","66540"
"PTM","20110325","4.72","4.79","4.63","4.76","392772"
"PTR","20110325","0.14","0.14","0.13","0.14","123000"
"PTS","20110325","0.145","0.145","0.145","0.145","68412"
"PUN","20110325","0.28","0.305","0.28","0.30","103170"
"PVE","20110325","0.24","0.24","0.24","0.24","6100"
"PVM","20110325","0.65","0.69","0.65","0.69","113700"
"PXG","20110325","0.20","0.215","0.20","0.205","927878"
"PXR","20110325","0.048","0.05","0.048","0.048","1200000"
"PXS","20110325","2.48","2.72","2.45","2.52","471069"
"PYC","20110325","0.065","0.071","0.064","0.071","531125"
"PYM","20110325","0.13","0.13","0.13","0.13","5000"
"PZC","20110325","0.21","0.215","0.21","0.215","18451"
"QAN","20110325","2.15","2.17","2.14","2.16","12687127"
"QBE","20110325","17.11","17.64","17.11","17.60","11443224"
"QFN","20110325","8.14","8.14","8.14","8.14","3940"
"QFX","20110325","0.062","0.063","0.06","0.063","417333"
"QHL","20110325","0.33","0.34","0.33","0.335","76515"
"QML","20110325","0.19","0.19","0.185","0.185","28334"
"QMN","20110325","0.10","0.10","0.096","0.098","1010818"
"QNL","20110325","0.047","0.047","0.046","0.046","300000"
"QPN","20110325","0.006","0.007","0.005","0.007","65539448"
"QRE","20110325","8.05","8.05","8.05","8.05","1000"
"QRN","20110325","3.25","3.28","3.22","3.23","5418915"
"QRX","20110325","1.45","1.45","1.39","1.41","49415"
"QTG","20110325","0.046","0.047","0.046","0.047","70144"
"QUB","20110325","1.48","1.535","1.47","1.50","1950467"
"QUR","20110325","0.014","0.014","0.014","0.014","100000"
"RAD","20110325","0.44","0.44","0.40","0.40","176427"
"RAU","20110325","0.009","0.009","0.008","0.009","1166000"
"RAW","20110325","0.105","0.105","0.105","0.105","1800"
"RBR","20110325","0.05","0.05","0.05","0.05","12000"
"RCG","20110325","0.645","0.645","0.645","0.645","1000"
"RCI","20110325","0.145","0.15","0.14","0.14","83170"
"RCO","20110325","0.41","0.41","0.41","0.41","10000"
"RCP","20110325","0.019","0.019","0.018","0.018","720000"
"RCR","20110325","1.645","1.69","1.645","1.66","55877"
"RCT","20110325","1.72","1.72","1.72","1.72","579"
"RCU","20110325","0.059","0.059","0.055","0.055","372507"
"RDF","20110325","2.56","2.56","2.55","2.55","1575443"
"RDH","20110325","0.19","0.19","0.19","0.19","17000"
"RDR","20110325","0.59","0.595","0.58","0.585","474905"
"RDS","20110325","0.46","0.48","0.455","0.46","840065"
"RDV","20110325","25.50","25.50","25.33","25.33","7895"
"REA","20110325","12.72","12.75","12.64","12.69","28707"
"RED","20110325","0.17","0.175","0.165","0.165","236901"
"REF","20110325","0.088","0.088","0.085","0.085","62200"
"REH","20110325","22.90","22.90","22.00","22.01","787"
"RER","20110325","0.024","0.024","0.022","0.023","1043301"
"RES","20110325","0.91","0.91","0.875","0.89","796206"
"REX","20110325","1.03","1.04","1.03","1.035","6350"
"REY","20110325","0.325","0.33","0.32","0.325","895870"
"RFE","20110325","0.49","0.52","0.485","0.50","1761442"
"RFG","20110325","2.89","2.91","2.89","2.90","50000"
"RFL","20110325","0.055","0.055","0.055","0.055","30000"
"RFX","20110325","1.22","1.25","1.20","1.20","103180"
"RHC","20110325","18.20","18.60","18.12","18.49","571548"
"RHE","20110325","0.23","0.23","0.23","0.23","111250"
"RHG","20110325","0.95","0.965","0.925","0.965","2437794"
"RHL","20110325","2.90","2.96","2.90","2.96","94090"
"RHM","20110325","0.43","0.43","0.42","0.42","17500"
"RHT","20110325","0.025","0.025","0.025","0.025","397275"
"RIA","20110325","0.45","0.45","0.45","0.45","986693"
"RIC","20110325","1.17","1.175","1.155","1.16","174240"
"RIM","20110325","0.042","0.045","0.042","0.045","160000"
"RIO","20110325","82.40","82.80","81.89","82.02","6827403"
"RIV","20110325","16.00","16.23","15.99","16.15","510950"
"RKN","20110325","2.54","2.55","2.54","2.54","4585"
"RLA","20110325","0.014","0.014","0.014","0.014","4000"
"RLC","20110325","0.12","0.125","0.12","0.125","20000"
"RLG","20110325","0.058","0.058","0.058","0.058","49000"
"RMD","20110325","2.92","2.95","2.88","2.94","13662748"
"RMG","20110325","0.016","0.016","0.015","0.015","2873777"
"RMI","20110325","0.007","0.007","0.007","0.007","5720000"
"RMP","20110325","0.35","0.38","0.34","0.36","2827087"
"RMR","20110325","0.022","0.022","0.021","0.021","1596000"
"RMS","20110325","1.435","1.46","1.43","1.445","1265130"
"RMT","20110325","0.04","0.04","0.04","0.04","130000"
"RNI","20110325","1.135","1.175","1.13","1.175","158238"
"RNS","20110325","0.31","0.31","0.31","0.31","110000"
"RNU","20110325","0.145","0.17","0.135","0.17","170478"
"RNY","20110325","0.11","0.11","0.11","0.11","308987"
"ROB","20110325","0.013","0.013","0.013","0.013","429414"
"ROC","20110325","0.39","0.40","0.385","0.40","2224085"
"ROG","20110325","0.018","0.018","0.017","0.017","1819443"
"ROK","20110325","2.41","2.41","2.40","2.41","5739"
"ROL","20110325","1.815","1.83","1.795","1.825","55529"
"ROY","20110325","0.20","0.20","0.19","0.195","350667"
"RPX","20110325","1.67","1.675","1.67","1.675","11433"
"RQL","20110325","0.67","0.67","0.67","0.67","289252"
"RRE","20110325","0.19","0.19","0.19","0.19","20000"
"RRI","20110325","0.19","0.195","0.18","0.18","2537899"
"RRL","20110325","2.25","2.32","2.25","2.28","1802640"
"RRP","20110325","0.11","0.11","0.11","0.11","4000"
"RRS","20110325","0.345","0.345","0.315","0.32","380467"
"RSG","20110325","1.20","1.255","1.185","1.25","5763152"
"RSN","20110325","0.004","0.004","0.004","0.004","6220296"
"RUL","20110325","0.475","0.48","0.455","0.46","75645"
"RUM","20110325","0.535","0.54","0.495","0.50","2115416"
"RVA","20110325","1.32","1.38","1.32","1.38","17544"
"RVL","20110325","25.94","25.94","25.94","25.94","40"
"RVR","20110325","0.08","0.08","0.08","0.08","10000"
"RWD","20110325","0.755","0.81","0.755","0.78","85400"
"RXL","20110325","0.051","0.051","0.05","0.05","495285"
"RXM","20110325","2.87","2.94","2.87","2.89","345053"
"SAI","20110325","4.78","4.90","4.76","4.87","323405"
"SAR","20110325","0.76","0.765","0.75","0.76","2148037"
"SAU","20110325","0.085","0.089","0.085","0.089","39500"
"SAV","20110325","0.09","0.09","0.09","0.09","53959"
"SAY","20110325","0.12","0.12","0.12","0.12","115000"
"SBL","20110325","0.029","0.031","0.028","0.029","32624088"
"SBM","20110325","2.27","2.32","2.17","2.20","2142684"
"SBN","20110325","0.001","0.001","0.001","0.001","1500000"
"SBR","20110325","0.16","0.16","0.15","0.15","248888"
"SBU","20110325","0.18","0.18","0.18","0.18","20000"
"SCC","20110325","0.38","0.40","0.38","0.40","20000"
"SCR","20110325","0.60","0.60","0.60","0.60","130000"
"SDG","20110325","0.66","0.685","0.655","0.685","292723"
"SDL","20110325","0.46","0.47","0.455","0.46","17439183"
"SDM","20110325","1.72","1.78","1.72","1.76","274741"
"SEA","20110325","1.00","1.035","1.00","1.01","609515"
"SEG","20110325","0.035","0.035","0.035","0.035","300000"
"SEH","20110325","0.074","0.077","0.074","0.076","832766"
"SEK","20110325","6.33","6.42","6.30","6.39","1247804"
"SEO","20110325","0.255","0.255","0.255","0.255","30000"
"SER","20110325","0.125","0.13","0.125","0.13","471400"
"SFC","20110325","3.71","3.71","3.66","3.66","3300"
"SFH","20110325","1.105","1.12","1.10","1.10","58330"
"SFR","20110325","7.00","7.18","6.90","6.99","286894"
"SFX","20110325","0.29","0.29","0.29","0.29","28500"
"SFY","20110325","46.11","46.32","46.03","46.10","14850"
"SFZ","20110325","0.335","0.35","0.335","0.35","347800"
"SGH","20110325","2.17","2.18","2.15","2.15","103897"
"SGI","20110325","0.28","0.28","0.28","0.28","15000"
"SGM","20110325","16.92","17.22","16.84","17.16","843911"
"SGN","20110325","1.22","1.22","1.18","1.205","259492"
"SGP","20110325","3.77","3.77","3.72","3.77","14656422"
"SGQ","20110325","0.175","0.18","0.175","0.18","108500"
"SGT","20110325","2.29","2.29","2.25","2.27","8367126"
"SGY","20110325","0.075","0.078","0.075","0.076","2152842"
"SGZ","20110325","0.07","0.07","0.069","0.069","36500"
"SHC","20110325","0.034","0.034","0.034","0.034","400000"
"SHD","20110325","0.18","0.19","0.18","0.19","250026"
"SHE","20110325","0.135","0.14","0.13","0.13","498633"
"SHH","20110325","0.205","0.205","0.205","0.205","350"
"SHL","20110325","11.17","11.33","11.15","11.20","1343031"
"SHV","20110325","3.00","3.07","2.98","3.07","22811"
"SIH","20110325","0.215","0.225","0.205","0.225","977663"
"SIP","20110325","0.415","0.43","0.41","0.415","10007249"
"SIR","20110325","0.185","0.19","0.185","0.19","108260"
"SIV","20110325","3.62","3.62","3.37","3.37","10823"
"SKC","20110325","2.46","2.47","2.45","2.45","1306999"
"SKE","20110325","1.90","1.92","1.89","1.89","187187"
"SKI","20110325","1.085","1.11","1.08","1.095","3422956"
"SKT","20110325","4.08","4.08","4.05","4.05","14917"
"SLA","20110325","0.10","0.105","0.10","0.105","140149"
"SLF","20110325","8.05","8.05","7.98","8.04","68103"
"SLM","20110325","3.67","3.77","3.67","3.73","2033214"
"SLP","20110325","0.77","0.82","0.77","0.81","5600"
"SLR","20110325","2.01","2.09","2.01","2.03","490429"
"SLT","20110325","0.009","0.009","0.009","0.009","80000"
"SLX","20110325","4.50","4.60","4.50","4.51","136741"
"SMA","20110325","0.028","0.028","0.027","0.027","994107"
"SMD","20110325","0.175","0.18","0.175","0.18","125289"
"SMR","20110325","1.22","1.25","1.22","1.25","133676"
"SMX","20110325","6.29","6.39","6.29","6.38","117883"
"SNE","20110325","0.14","0.14","0.135","0.14","171798"
"SNL","20110325","0.47","0.48","0.45","0.48","34000"
"SNV","20110325","0.016","0.016","0.016","0.016","41000"
"SOC","20110325","0.34","0.34","0.34","0.34","2000"
"SOE","20110325","0.079","0.08","0.079","0.079","247199"
"SOI","20110325","0.017","0.017","0.016","0.016","2893106"
"SOL","20110325","12.20","12.46","12.17","12.46","81930"
"SOM","20110325","1.03","1.10","1.03","1.10","182055"
"SOO","20110325","0.105","0.105","0.10","0.10","110000"
"SPL","20110325","1.075","1.155","1.075","1.135","2222242"
"SPM","20110325","0.38","0.385","0.365","0.385","239675"
"SPN","20110325","0.855","0.865","0.85","0.86","2076165"
"SPT","20110325","1.925","1.93","1.91","1.925","581186"
"SRA","20110325","0.003","0.004","0.003","0.003","5750000"
"SRE","20110325","0.026","0.026","0.025","0.025","55862"
"SRH","20110325","0.33","0.33","0.33","0.33","48000"
"SRI","20110325","0.094","0.095","0.091","0.091","95000"
"SRK","20110325","0.38","0.38","0.375","0.375","360001"
"SRM","20110325","0.30","0.31","0.30","0.305","523800"
"SRQ","20110325","0.72","0.745","0.72","0.74","1622205"
"SRR","20110325","0.23","0.23","0.215","0.215","258534"
"SRV","20110325","2.72","2.89","2.71","2.73","29430"
"SRX","20110325","5.50","5.50","5.42","5.45","6099"
"SRZ","20110325","0.18","0.185","0.18","0.18","175923"
"SSC","20110325","0.026","0.027","0.025","0.025","25504970"
"SSM","20110325","0.62","0.645","0.62","0.64","66746"
"SSN","20110325","0.185","0.185","0.18","0.18","4998526"
"STE","20110325","0.053","0.053","0.053","0.053","19938"
"STI","20110325","0.004","0.004","0.004","0.004","2973500"
"STO","20110325","15.30","15.70","15.18","15.50","6061602"
"STP","20110325","1.75","1.75","1.75","1.75","729"
"STS","20110325","0.80","0.80","0.785","0.785","68387"
"STU","20110325","0.925","0.93","0.91","0.925","593199"
"STW","20110325","45.06","45.32","44.93","45.07","373208"
"STX","20110325","0.185","0.19","0.18","0.18","397092"
"STZ","20110325","0.032","0.032","0.031","0.031","172500"
"SUH","20110325","0.46","0.46","0.46","0.46","23000"
"SUL","20110325","6.75","6.75","6.58","6.70","27584"
"SUM","20110325","0.275","0.275","0.265","0.275","545925"
"SUN","20110325","8.04","8.28","8.01","8.23","7088416"
"SUR","20110325","0.031","0.032","0.03","0.032","596200"
"SVL","20110325","0.35","0.355","0.33","0.34","702377"
"SVM","20110325","0.50","0.505","0.495","0.495","53273"
"SVW","20110325","8.46","8.84","8.39","8.84","372380"
"SWK","20110325","0.34","0.35","0.34","0.34","104861"
"SWL","20110325","2.42","2.42","2.40","2.40","427"
"SWN","20110325","0.15","0.15","0.15","0.15","325000"
"SWR","20110325","0.395","0.395","0.395","0.395","59500"
"SXE","20110325","1.03","1.03","1.02","1.03","167180"
"SXG","20110325","0.077","0.077","0.077","0.077","99099"
"SXL","20110325","1.66","1.71","1.655","1.68","609074"
"SXR","20110325","0.45","0.47","0.45","0.47","50153"
"SXY","20110325","0.385","0.39","0.38","0.39","586230"
"SYI","20110325","24.66","24.77","24.60","24.66","10852"
"SYM","20110325","0.51","0.51","0.51","0.51","952"
"SYP","20110325","0.015","0.015","0.012","0.012","306750"
"SYR","20110325","0.10","0.115","0.10","0.115","110000"
"SYS","20110325","0.018","0.019","0.018","0.019","1747334"
"TAH","20110325","7.37","7.48","7.30","7.44","4334188"
"TAL","20110325","3.93","3.94","3.92","3.93","2484913"
"TAM","20110325","0.895","0.895","0.87","0.88","924315"
"TAN","20110325","0.53","0.53","0.52","0.53","23680"
"TAP","20110325","1.12","1.15","1.10","1.13","1368781"
"TAS","20110325","0.11","0.11","0.11","0.11","51200"
"TAW","20110325","0.045","0.046","0.045","0.046","429925"
"TBR","20110325","2.32","2.45","2.32","2.45","41342"
"TCL","20110325","5.25","5.31","5.23","5.30","2495300"
"TCM","20110325","0.255","0.26","0.22","0.235","1309050"
"TCN","20110325","0.036","0.036","0.036","0.036","87500"
"TCQ","20110325","0.11","0.11","0.11","0.11","43589"
"TDO","20110325","0.185","0.185","0.185","0.185","5000"
"TEG","20110325","0.053","0.058","0.053","0.058","1346939"
"TEL","20110325","1.47","1.475","1.445","1.45","5336420"
"TEN","20110325","1.20","1.205","1.18","1.19","5203323"
"TEX","20110325","0.115","0.125","0.11","0.11","1083362"
"TEY","20110325","0.076","0.076","0.076","0.076","2170"
"TFC","20110325","0.835","0.845","0.82","0.83","82738"
"TGA","20110325","2.01","2.01","1.99","1.995","290180"
"TGG","20110325","0.79","0.79","0.78","0.785","76276"
"TGP","20110325","1.14","1.15","1.135","1.15","225118"
"TGR","20110325","1.74","1.745","1.70","1.71","118391"
"TGS","20110325","0.55","0.555","0.545","0.55","3169826"
"TGZ","20110325","2.69","2.70","2.63","2.66","124799"
"THG","20110325","0.495","0.495","0.495","0.495","52286"
"THO","20110325","0.225","0.225","0.225","0.225","50000"
"THR","20110325","0.055","0.067","0.055","0.065","5741118"
"THX","20110325","0.50","0.52","0.50","0.505","260636"
"TIS","20110325","0.635","0.67","0.635","0.67","198588"
"TKL","20110325","0.21","0.21","0.205","0.205","100000"
"TLG","20110325","0.34","0.35","0.34","0.34","60000"
"TLM","20110325","0.84","0.84","0.825","0.84","293736"
"TLS","20110325","2.68","2.70","2.67","2.70","91827805"
"TMX","20110325","0.023","0.024","0.022","0.024","131000"
"TMZ","20110325","0.23","0.24","0.23","0.24","40000"
"TNE","20110325","0.93","0.95","0.93","0.95","30157"
"TNG","20110325","0.115","0.13","0.115","0.13","736683"
"TNP","20110325","0.037","0.037","0.034","0.034","1715483"
"TOE","20110325","0.11","0.115","0.11","0.115","683798"
"TOL","20110325","5.89","5.92","5.86","5.90","3375087"
"TON","20110325","0.12","0.12","0.12","0.12","12801"
"TOX","20110325","2.07","2.10","2.07","2.10","25221"
"TPI","20110325","1.155","1.175","1.145","1.15","2808923"
"TPL","20110325","0.021","0.021","0.021","0.021","330000"
"TPM","20110325","1.545","1.61","1.535","1.60","2589972"
"TPT","20110325","0.285","0.285","0.28","0.28","80000"
"TQH","20110325","0.052","0.052","0.052","0.052","1500"
"TRF","20110325","0.42","0.425","0.415","0.42","278276"
"TRG","20110325","4.70","4.88","4.70","4.88","4562"
"TRH","20110325","0.41","0.41","0.40","0.40","297399"
"TRM","20110325","0.265","0.265","0.265","0.265","4360"
"TRO","20110325","0.18","0.18","0.17","0.17","19975"
"TRS","20110325","12.14","12.25","12.05","12.20","70333"
"TRU","20110325","6.10","6.11","6.00","6.00","21169"
"TRY","20110325","3.83","3.86","3.73","3.82","214135"
"TSE","20110325","3.10","3.25","3.10","3.21","3382160"
"TSI","20110325","0.585","0.595","0.585","0.59","595137"
"TSM","20110325","0.88","0.90","0.875","0.88","477061"
"TSN","20110325","0.037","0.037","0.037","0.037","20000"
"TSO","20110325","0.585","0.585","0.57","0.57","511983"
"TSV","20110325","0.028","0.028","0.027","0.027","16385440"
"TTA","20110325","0.047","0.047","0.047","0.047","10000"
"TTR","20110325","0.077","0.08","0.075","0.076","559653"
"TTS","20110325","2.23","2.29","2.22","2.26","5382115"
"TTV","20110325","0.029","0.03","0.029","0.03","647000"
"TTY","20110325","0.275","0.285","0.27","0.285","381699"
"TUC","20110325","0.38","0.38","0.35","0.355","421721"
"TVN","20110325","0.01","0.011","0.01","0.01","5402995"
"TWD","20110325","2.86","2.86","2.85","2.86","10800"
"TWO","20110325","1.655","1.655","1.65","1.65","113005"
"TWR","20110325","1.30","1.30","1.30","1.30","1069"
"TXN","20110325","0.75","0.76","0.73","0.735","486916"
"TZL","20110325","0.265","0.265","0.265","0.265","14200"
"TZN","20110325","0.37","0.38","0.365","0.37","339899"
"UBI","20110325","1.26","1.27","1.23","1.27","181001"
"UCL","20110325","0.015","0.015","0.014","0.014","11938287"
"UCM","20110325","0.30","0.30","0.30","0.30","1257"
"UEQ","20110325","0.10","0.105","0.099","0.10","1608602"
"UGL","20110325","15.68","15.70","15.51","15.60","469407"
"UML","20110325","0.10","0.105","0.10","0.10","710987"
"UNS","20110325","0.865","0.895","0.86","0.89","551931"
"UNV","20110325","0.47","0.48","0.46","0.47","1164782"
"UNX","20110325","0.335","0.40","0.335","0.38","2076481"
"UOG","20110325","0.029","0.03","0.029","0.03","120000"
"UOS","20110325","0.42","0.445","0.41","0.44","146880"
"URA","20110325","0.032","0.038","0.032","0.033","15053816"
"URM","20110325","0.16","0.16","0.16","0.16","244000"
"USA","20110325","0.345","0.35","0.335","0.35","765206"
"USD","20110325","9.81","9.83","9.80","9.81","222102"
"USN","20110325","0.19","0.20","0.185","0.20","2958863"
"UUL","20110325","0.13","0.13","0.125","0.125","99600"
"UXA","20110325","0.035","0.035","0.034","0.035","432732"
"UXC","20110325","0.655","0.675","0.64","0.64","513880"
"VAP","20110325","50.43","50.43","50.43","50.43","119"
"VAS","20110325","61.67","62.00","61.54","61.72","11964"
"VBA","20110325","0.315","0.32","0.31","0.32","4532571"
"VBP","20110325","8.00","8.00","8.00","8.00","205"
"VEU","20110325","48.30","48.30","48.10","48.20","3357"
"VGH","20110325","0.175","0.185","0.175","0.185","22725"
"VGO","20110325","0.15","0.165","0.15","0.165","25000"
"VHL","20110325","0.028","0.028","0.028","0.028","70000"
"VIA","20110325","0.85","0.85","0.85","0.85","4100"
"VIL","20110325","0.011","0.011","0.01","0.011","7803000"
"VLA","20110325","0.041","0.043","0.04","0.042","1222200"
"VMC","20110325","1.72","1.79","1.70","1.78","127406"
"VMG","20110325","0.235","0.24","0.23","0.235","910000"
"VML","20110325","0.12","0.12","0.105","0.11","2582204"
"VMS","20110325","0.465","0.48","0.465","0.475","772229"
"VMT","20110325","0.044","0.044","0.043","0.043","12501"
"VOC","20110325","2.37","2.41","2.36","2.39","221306"
"VOR","20110325","0.072","0.078","0.071","0.074","6922111"
"VPG","20110325","1.15","1.19","1.15","1.185","666469"
"VRL","20110325","3.52","3.54","3.42","3.48","105789"
"VRX","20110325","0.25","0.25","0.235","0.24","751450"
"VSC","20110325","0.28","0.28","0.28","0.28","15000"
"VTA","20110325","11.29","11.34","11.29","11.34","1909"
"VTG","20110325","0.285","0.285","0.285","0.285","199143"
"VTP","20110325","0.745","0.775","0.745","0.775","18179"
"VTS","20110325","66.95","67.04","66.88","67.00","1697"
"VWM","20110325","0.095","0.11","0.095","0.11","1031749"
"VXR","20110325","0.105","0.105","0.10","0.10","865000"
"WAA","20110325","1.06","1.06","1.06","1.06","20000"
"WAF","20110325","0.52","0.57","0.50","0.525","2036143"
"WAL","20110325","0.76","0.785","0.73","0.785","130684"
"WAM","20110325","1.65","1.66","1.64","1.64","53162"
"WAN","20110325","5.22","5.31","5.22","5.27","1281184"
"WAS","20110325","0.03","0.032","0.03","0.032","251500"
"WAX","20110325","0.75","0.75","0.745","0.745","133285"
"WBB","20110325","9.94","9.94","9.94","9.94","500"
"WBC","20110325","23.68","23.98","23.58","23.73","13116614"
"WCB","20110325","4.39","4.40","4.36","4.40","26839"
"WCL","20110325","0.35","0.36","0.335","0.36","37616"
"WCN","20110325","0.145","0.145","0.145","0.145","20310"
"WCP","20110325","0.08","0.08","0.08","0.08","100000"
"WCU","20110325","0.21","0.21","0.21","0.21","224000"
"WDC","20110325","9.44","9.50","9.31","9.46","8122126"
"WDR","20110325","0.345","0.35","0.34","0.34","511412"
"WDS","20110325","0.695","0.715","0.695","0.70","237625"
"WEB","20110325","1.95","1.95","1.925","1.94","210004"
"WEC","20110325","2.90","2.92","2.88","2.89","1386936"
"WES","20110325","31.78","31.97","31.43","31.65","5022269"
"WFE","20110325","0.275","0.28","0.27","0.275","148487"
"WFM","20110325","0.15","0.15","0.15","0.15","394250"
"WGO","20110325","1.40","1.40","1.33","1.33","34930"
"WGP","20110325","0.023","0.024","0.023","0.024","1633414"
"WGR","20110325","0.295","0.30","0.29","0.30","645834"
"WHC","20110325","6.61","6.64","6.56","6.63","2639889"
"WHE","20110325","0.42","0.45","0.415","0.425","933623"
"WHF","20110325","2.88","2.88","2.88","2.88","14245"
"WHG","20110325","0.96","0.97","0.96","0.965","335069"
"WHN","20110325","0.037","0.037","0.035","0.036","7723251"
"WHS","20110325","2.54","2.54","2.54","2.54","4000"
"WIC","20110325","1.07","1.08","1.07","1.07","35000"
"WLF","20110325","0.40","0.405","0.38","0.405","145068"
"WLL","20110325","2.49","2.49","2.49","2.49","5000"
"WMN","20110325","0.23","0.23","0.23","0.23","10000"
"WOR","20110325","30.55","31.18","30.48","30.91","899576"
"WOW","20110325","25.81","26.32","25.77","26.10","8402975"
"WPG","20110325","0.69","0.69","0.675","0.685","766253"
"WPL","20110325","46.19","48.11","46.13","46.72","15040933"
"WRG","20110325","0.10","0.105","0.10","0.105","12745"
"WRM","20110325","0.455","0.455","0.455","0.455","53167"
"WRT","20110325","2.63","2.67","2.62","2.66","13594510"
"WSA","20110325","6.33","6.66","6.33","6.66","748154"
"WTF","20110325","5.18","5.27","5.16","5.27","370428"
"WTP","20110325","1.57","1.595","1.57","1.59","75860"
"WWG","20110325","0.021","0.021","0.021","0.021","5000"
"WWI","20110325","0.058","0.058","0.058","0.058","10000"
"WWM","20110325","0.075","0.075","0.075","0.075","4667"
"XAF","20110325","4702.30","4702.30","4702.30","4702.30","0"
"XAM","20110325","55.50","59.50","54.00","57.00","459202"
"XAO","20110325","4799.60","4858.80","4794.20","4840.30","0"
"XAT","20110325","474720.00","474720.00","474720.00","474720.00","0"
"XBW","20110325","523.66","523.66","523.66","523.66","0"
"XDI","20110325","155340.00","155340.00","155340.00","155340.00","0"
"XDJ","20110325","1465.70","1478.10","1461.30","1474.30","0"
"XEC","20110325","1967.80","1967.80","1967.80","1967.80","0"
"XEJ","20110325","16553.40","17040.00","16545.50","16899.70","0"
"XFJ","20110325","4423.10","4478.10","4416.70","4454.10","0"
"XFL","20110325","4683.20","4741.90","4677.40","4717.50","0"
"XGD","20110325","7777.00","7777.00","7777.00","7777.00","0"
"XHJ","20110325","8488.20","8554.10","8482.80","8511.10","0"
"XIJ","20110325","580.00","585.90","577.10","585.90","0"
"XJO","20110325","4705.40","4763.00","4699.60","4742.60","0"
"XJR","20110325","585650.00","585650.00","585650.00","585650.00","0"
"XKO","20110325","4718.90","4776.40","4713.00","4756.40","0"
"XLD","20110325","949.70","949.70","949.70","949.70","0"
"XMD","20110325","4326.30","4371.40","4320.10","4363.40","0"
"XMJ","20110325","13728.30","13860.60","13699.10","13798.40","0"
"XMM","20110325","5018.30","5018.30","5018.30","5018.30","0"
"XNJ","20110325","3676.10","3715.90","3673.90","3709.60","0"
"XNV","20110325","395.00","395.00","395.00","395.00","0"
"XPJ","20110325","865.30","867.40","859.10","867.40","0"
"XRF","20110325","0.20","0.20","0.20","0.20","22908"
"XSJ","20110325","7554.50","7675.60","7548.50","7608.40","0"
"XSO","20110325","2779.40","2819.20","2776.40","2813.90","0"
"XST","20110325","0.12","0.12","0.12","0.12","50000"
"XTJ","20110325","917.30","923.80","910.60","923.60","0"
"XTL","20110325","2819.90","2856.90","2816.40","2840.10","0"
"XTO","20110325","3831.60","3878.00","3826.80","3860.20","0"
"XUJ","20110325","4123.00","4179.30","4116.90","4161.30","0"
"XXJ","20110325","5119.30","5195.90","5110.50","5159.60","0"
"XXL","20110325","0.06","0.06","0.06","0.06","0"
"YRR","20110325","0.031","0.032","0.031","0.032","153159"
"YTC","20110325","0.665","0.74","0.665","0.715","1116251"
"ZGL","20110325","0.425","0.445","0.415","0.415","7123609"
"ZGM","20110325","0.13","0.135","0.13","0.135","12533"
"ZIM","20110325","14.00","14.18","14.00","14.18","3354"
"ZMG","20110325","0.07","0.07","0.07","0.07","1000"
"ZNC","20110325","0.61","0.61","0.60","0.60","30471"
"ZRL","20110325","0.032","0.032","0.03","0.031","7732153"
"ZYL","20110325","0.115","0.115","0.115","0.115","923264"
