AAF,20091117,.005,.005,.004,.005,3842081
AAG,20091117,.13,.13,.13,.13,16000
AAK,20091117,.012,.013,.011,.013,2200000
AAM,20091117,.325,.34,.32,.32,801931
AAR,20091117,.038,.039,.035,.035,1220000
AAT,20091117,.019,.019,.019,.019,3000
AAX,20091117,4.86,4.90,4.66,4.75,1226836
ABC,20091117,2.77,2.79,2.68,2.70,1531299
ABP,20091117,.45,.45,.44,.445,2040471
ABQ,20091117,.14,.14,.135,.135,362992
ABU,20091117,.035,.035,.033,.035,1101000
ABV,20091117,.031,.031,.031,.031,115000
ABY,20091117,1.48,1.49,1.385,1.395,1635326
ACB,20091117,.40,.40,.39,.395,525264
ACG,20091117,.21,.21,.205,.205,47050
ACK,20091117,.30,.30,.30,.30,9450
ACL,20091117,.71,.715,.70,.70,115992
ACR,20091117,2.18,2.20,2.14,2.17,265664
ACS,20091117,.15,.15,.145,.15,83200
ACU,20091117,.019,.019,.019,.019,28000
ACW,20091117,.07,.07,.07,.07,8000
ADD,20091117,.05,.05,.048,.048,120000
ADI,20091117,.15,.15,.145,.145,66445
ADN,20091117,.32,.325,.295,.305,1971341
ADO,20091117,.007,.007,.007,.007,2900000
ADQ,20091117,.105,.105,.097,.105,84585
ADU,20091117,.48,.49,.44,.445,1207987
ADX,20091117,.10,.10,.10,.10,842190
ADY,20091117,.018,.018,.017,.017,11713544
AEA,20091117,.05,.05,.05,.05,25000
AED,20091117,.58,.595,.57,.57,176817
AEE,20091117,.165,.165,.165,.165,4100
AEO,20091117,1.485,1.50,1.48,1.48,202012
AET,20091117,.575,.60,.575,.60,78506
AEU,20091117,.45,.46,.45,.455,175000
AEX,20091117,.006,.006,.006,.006,2639866
AEZ,20091117,.08,.083,.078,.078,1511897
AFA,20091117,.185,.185,.18,.18,60500
AFI,20091117,5.28,5.30,5.21,5.21,196272
AFR,20091117,.22,.22,.17,.18,1549756
AFT,20091117,.001,.001,.001,.001,1266952
AGF,20091117,1.095,1.095,1.08,1.08,208522
AGG,20091117,9.80,9.90,9.80,9.90,1950
AGI,20091117,.185,.185,.18,.18,52250
AGJ,20091117,.165,.165,.155,.155,20000
AGK,20091117,13.93,14.10,13.86,14.06,2237109
AGO,20091117,1.92,1.97,1.90,1.94,6849006
AGS,20091117,.63,.63,.615,.615,1420044
AGU,20091117,.033,.035,.033,.035,259500
AGY,20091117,.07,.07,.07,.07,75000
AHD,20091117,5.58,5.62,5.40,5.43,189774
AHE,20091117,2.28,2.31,2.15,2.21,143384
AHN,20091117,.047,.047,.047,.047,45000
AHR,20091117,.20,.20,.20,.20,75000
AIA,20091117,1.495,1.50,1.495,1.50,219570
AIO,20091117,1.655,1.67,1.615,1.645,12697869
AIQ,20091117,1.005,1.05,1.005,1.05,151931
AIX,20091117,1.78,1.795,1.71,1.73,2128757
AJL,20091117,4.80,4.84,4.50,4.69,199218
AKK,20091117,.061,.061,.058,.061,2438183
AKR,20091117,.70,.70,.69,.70,68000
ALD,20091117,.40,.40,.395,.40,362018
ALF,20091117,1.195,1.20,1.195,1.20,120325
ALG,20091117,.20,.20,.19,.19,3864
ALK,20091117,.42,.425,.415,.425,298833
ALL,20091117,4.70,4.83,4.64,4.77,1950113
ALR,20091117,1.35,1.37,1.35,1.37,5092
ALS,20091117,5.02,5.06,4.91,5.05,179410
ALT,20091117,.055,.056,.054,.055,503929
ALY,20091117,1.13,1.135,1.015,1.015,2234342
ALZ,20091117,.56,.565,.54,.545,1919805
AMC,20091117,5.77,5.79,5.71,5.74,5424548
AMH,20091117,.675,.675,.67,.675,108404
AMM,20091117,.23,.23,.225,.225,399892
AMP,20091117,6.48,6.50,6.28,6.30,6216941
AMT,20091117,.51,.51,.51,.51,1534
AMU,20091117,.28,.285,.275,.285,878473
AMX,20091117,.63,.635,.625,.625,467175
AND,20091117,2.53,2.55,2.47,2.50,894675
ANG,20091117,2.84,2.90,2.80,2.87,137732
ANM,20091117,.056,.056,.056,.056,82100
ANN,20091117,10.48,10.52,10.23,10.40,443100
ANP,20091117,.064,.065,.064,.064,244367
ANQ,20091117,.24,.245,.24,.245,125000
ANZ,20091117,22.22,22.24,21.77,21.89,11636797
AOA,20091117,.265,.265,.265,.265,3600
AOC,20091117,.10,.10,.10,.10,100000
AOD,20091117,1.105,1.105,1.095,1.095,12498
AOE,20091117,4.02,4.06,3.95,3.98,1725909
AOK,20091117,.145,.145,.14,.14,710000
AOM,20091117,.006,.006,.006,.006,600000
AON,20091117,.255,.26,.24,.24,61000
AOP,20091117,.015,.015,.014,.014,3817875
APA,20091117,3.25,3.26,3.22,3.25,604388
APB,20091117,.048,.048,.048,.048,60000
APD,20091117,.35,.40,.35,.40,39316
APE,20091117,10.25,10.25,10.25,10.25,1000
APG,20091117,.053,.058,.052,.054,5226800
API,20091117,.66,.66,.645,.645,3789807
APK,20091117,.32,.32,.32,.32,28572
APN,20091117,2.33,2.37,2.31,2.37,1481627
APZ,20091117,.535,.575,.535,.55,3854878
AQA,20091117,8.72,8.86,8.70,8.75,911272
AQD,20091117,.165,.165,.165,.165,50000
AQL,20091117,.012,.012,.012,.012,22878
AQP,20091117,5.73,5.82,5.69,5.75,2934270
AQR,20091117,.075,.08,.075,.08,23700
ARA,20091117,.28,.28,.28,.28,500
ARD,20091117,.17,.17,.17,.17,47000
ARE,20091117,.062,.065,.06,.06,473339
ARG,20091117,6.82,6.84,6.70,6.70,118659
ARH,20091117,.485,.485,.465,.465,232966
ARM,20091117,.55,.55,.535,.54,115854
ARO,20091117,.012,.012,.011,.011,3480837
ARP,20091117,5.15,5.20,5.06,5.07,27036
ARU,20091117,.825,.845,.79,.80,358254
ARV,20091117,.063,.063,.061,.061,489519
ARW,20091117,.018,.026,.018,.023,38487580
ARX,20091117,.035,.04,.035,.04,717550
ASB,20091117,2.55,2.57,2.50,2.54,405672
ASC,20091117,.009,.01,.009,.01,2000900
ASL,20091117,1.785,1.82,1.785,1.815,509097
ASP,20091117,.15,.16,.15,.15,100000
ASW,20091117,.31,.31,.31,.31,43000
ASX,20091117,33.11,33.23,32.78,32.90,692897
ASZ,20091117,1.085,1.11,1.07,1.08,729297
ATI,20091117,.04,.041,.039,.041,12713000
ATJ,20091117,.04,.051,.04,.051,522334
ATN,20091117,.032,.033,.03,.03,2590541
ATP,20091117,.115,.12,.115,.12,17150
ATQ,20091117,.11,.11,.11,.11,280000
ATV,20091117,.067,.067,.065,.067,593334
AUB,20091117,5.06,5.11,5.06,5.10,17775
AUI,20091117,7.30,7.30,7.30,7.30,8271
AUJ,20091117,.195,.195,.195,.195,50000
AUK,20091117,.083,.083,.083,.083,20000
AUN,20091117,1.44,1.45,1.40,1.43,3079078
AUP,20091117,5.36,5.36,5.32,5.32,500
AUQ,20091117,.17,.19,.17,.19,195563
AUT,20091117,.29,.29,.29,.29,5000
AUZ,20091117,.001,.002,.001,.002,3080698
AVA,20091117,.08,.081,.078,.079,263000
AVB,20091117,.04,.045,.04,.045,20002570
AVD,20091117,.084,.085,.08,.085,208000
AVE,20091117,1.45,1.45,1.405,1.405,21944
AVG,20091117,.30,.305,.30,.30,192536
AVH,20091117,.175,.175,.17,.17,201765
AVI,20091117,.25,.25,.25,.25,146723
AVJ,20091117,.545,.55,.545,.545,12000
AVM,20091117,3.50,3.50,3.40,3.43,37360
AVO,20091117,1.97,2.03,1.965,1.99,2495954
AVX,20091117,.235,.235,.21,.22,5556539
AVZ,20091117,.145,.15,.145,.145,240000
AWB,20091117,1.29,1.295,1.225,1.26,8040153
AWC,20091117,1.66,1.71,1.655,1.685,17515482
AWE,20091117,2.83,2.84,2.78,2.81,2185548
AXA,20091117,6.00,6.00,5.79,5.84,7303026
AXE,20091117,.13,.13,.13,.13,50000
AXM,20091117,.044,.045,.042,.042,17984650
AXO,20091117,.27,.275,.27,.27,508279
AXT,20091117,.06,.06,.06,.06,15000
AXY,20091117,.10,.115,.10,.10,1129600
AXZ,20091117,.19,.19,.19,.19,50000
AYF,20091117,6.30,6.30,6.30,6.30,658
AYR,20091117,.027,.029,.027,.027,1436962
AYT,20091117,1.30,1.31,1.30,1.31,33000
AZM,20091117,.28,.28,.265,.265,1500440
AZS,20091117,.059,.059,.058,.058,190000
AZX,20091117,.15,.15,.15,.15,5000
AZZ,20091117,.40,.41,.395,.395,736501
BAR,20091117,.105,.105,.10,.10,194740
BAS,20091117,.032,.033,.032,.033,675609
BAU,20091117,1.09,1.10,1.065,1.065,702519
BBG,20091117,10.89,11.05,10.48,10.68,3769374
BCC,20091117,.125,.14,.115,.125,45174575
BCD,20091117,.12,.125,.115,.12,895195
BCI,20091117,1.16,1.17,1.15,1.15,189890
BCN,20091117,.023,.024,.023,.023,8132001
BDG,20091117,.25,.255,.245,.25,757154
BDI,20091117,.016,.016,.016,.016,305000
BDL,20091117,.12,.12,.12,.12,146076
BDM,20091117,.20,.20,.20,.20,19000
BDR,20091117,.083,.083,.083,.083,33333
BEC,20091117,.115,.115,.105,.105,1018537
BEL,20091117,.295,.30,.29,.29,117192
BEN,20091117,9.15,9.16,8.86,8.91,784741
BFE,20091117,.185,.20,.175,.175,2686833
BFG,20091117,1.36,1.36,1.34,1.34,8122
BGD,20091117,.195,.195,.185,.185,425585
BHP,20091117,40.64,41.01,40.50,40.50,20317338
BIS,20091117,.22,.22,.22,.22,113989
BIT,20091117,.10,.10,.10,.10,25460
BIV,20091117,.019,.019,.019,.019,5500
BKG,20091117,.09,.09,.09,.09,74400
BKI,20091117,1.30,1.305,1.285,1.285,158600
BKL,20091117,21.01,21.03,20.71,20.71,8775
BKN,20091117,7.47,7.54,7.09,7.25,798334
BKP,20091117,.006,.006,.005,.005,16276743
BKW,20091117,12.90,12.91,12.79,12.83,179408
BKY,20091117,1.00,1.18,1.00,1.06,1519997
BLD,20091117,5.98,6.00,5.81,5.81,1349381
BLG,20091117,.205,.21,.195,.20,695277
BLP,20091117,.14,.145,.14,.145,120003
BLR,20091117,.051,.053,.051,.052,1974723
BLY,20091117,.35,.35,.325,.33,158479680
BLZ,20091117,.016,.016,.016,.016,440000
BML,20091117,.037,.037,.037,.037,89000
BMN,20091117,1.23,1.25,1.165,1.185,2125004
BMY,20091117,.071,.071,.064,.064,280400
BND,20091117,.475,.49,.47,.49,23000
BNO,20091117,.405,.405,.37,.395,749500
BNV,20091117,.02,.02,.02,.02,4000
BOC,20091117,.60,.60,.59,.59,8000
BOD,20091117,.053,.053,.053,.053,50000
BOM,20091117,.14,.14,.14,.14,25000
BOQ,20091117,11.95,12.03,11.41,11.41,611771
BOW,20091117,1.33,1.37,1.33,1.34,681243
BPG,20091117,.006,.007,.006,.007,990000
BPH,20091117,.16,.16,.15,.15,130000
BPO,20091117,.041,.041,.038,.038,425000
BPT,20091117,.83,.835,.805,.81,5918810
BRC,20091117,.31,.31,.305,.305,47451
BRD,20091117,.008,.008,.008,.008,85000
BRG,20091117,2.28,2.32,2.28,2.30,37376
BRM,20091117,1.99,2.01,1.915,1.965,190684
BRO,20091117,.003,.003,.003,.003,14500
BRU,20091117,.195,.195,.19,.195,299769
BRW,20091117,.105,.105,.10,.105,236000
BSA,20091117,.285,.285,.275,.275,25238
BSE,20091117,.095,.095,.095,.095,40000
BSI,20091117,.022,.022,.022,.022,300000
BSL,20091117,2.96,2.99,2.87,2.88,17044697
BSM,20091117,.29,.30,.29,.29,241944
BSR,20091117,.37,.37,.355,.36,497339
BTA,20091117,2.64,2.66,2.60,2.61,282860
BTC,20091117,.30,.30,.295,.295,300000
BTR,20091117,.38,.46,.38,.44,610945
BTT,20091117,3.34,3.34,3.20,3.28,66838
BTV,20091117,.12,.12,.12,.12,244548
BUL,20091117,.22,.225,.21,.21,2155917
BUX,20091117,.06,.06,.06,.06,200000
BUY,20091117,.094,.094,.089,.09,3781197
BVA,20091117,.215,.235,.215,.22,234887
BWN,20091117,.11,.11,.11,.11,15221
BWP,20091117,1.76,1.76,1.705,1.73,665767
BXB,20091117,7.08,7.12,6.84,6.88,6468653
BYL,20091117,.39,.39,.38,.38,32500
BYR,20091117,.028,.028,.027,.027,150000
CAB,20091117,6.49,6.54,6.41,6.43,363045
CAF,20091117,.17,.17,.17,.17,12500
CAG,20091117,.01,.01,.01,.01,1012345
CAH,20091117,.15,.15,.145,.15,1095556
CAM,20091117,1.085,1.085,1.08,1.085,36400
CAP,20091117,.15,.15,.14,.14,189958
CAQ,20091117,.135,.15,.135,.145,313128
CAS,20091117,.22,.245,.22,.245,75000
CAV,20091117,.145,.15,.145,.15,44000
CAZ,20091117,.24,.245,.24,.24,190591
CBA,20091117,54.16,54.35,52.40,52.64,4994581
CBB,20091117,.56,.56,.55,.55,12200
CBD,20091117,.15,.175,.15,.16,537449
CBH,20091117,.10,.10,.099,.099,1790778
CCC,20091117,.059,.059,.059,.059,1025000
CCD,20091117,1.095,1.10,1.01,1.025,42771
CCF,20091117,.425,.425,.42,.42,25318
CCI,20091117,.125,.13,.125,.13,165000
CCL,20091117,10.60,10.69,10.51,10.58,1672968
CCP,20091117,2.80,2.82,2.70,2.75,64816
CCQ,20091117,.805,.82,.805,.82,67000
CCU,20091117,.39,.40,.365,.37,1918217
CCV,20091117,.57,.57,.545,.545,342281
CCY,20091117,.093,.093,.093,.093,305000
CDA,20091117,1.025,1.03,1.00,1.00,21200
CDD,20091117,4.99,4.99,4.70,4.88,49819
CDI,20091117,.50,.50,.495,.495,277797
CDM,20091117,.785,.81,.78,.81,13621
CDP,20091117,4.20,4.20,4.20,4.20,2390
CDT,20091117,.265,.265,.26,.26,47400
CDU,20091117,5.83,6.03,5.81,5.90,2850027
CEG,20091117,.15,.15,.15,.15,51000
CEO,20091117,.014,.015,.013,.015,1463096
CER,20091117,.175,.175,.165,.17,4219755
CEU,20091117,.43,.435,.42,.425,3882585
CEY,20091117,3.55,3.62,3.35,3.37,5965325
CFE,20091117,.525,.535,.515,.52,4193277
CFU,20091117,.25,.25,.24,.245,2990970
CFX,20091117,1.985,1.99,1.96,1.97,6061702
CGF,20091117,4.32,4.33,4.13,4.17,3383991
CGG,20091117,.45,.465,.45,.46,1363034
CGM,20091117,.036,.047,.035,.044,324688
CGO,20091117,1.00,1.01,1.00,1.00,24000
CGV,20091117,.18,.18,.165,.175,388000
CGX,20091117,1.87,1.88,1.80,1.80,8603
CHC,20091117,.63,.64,.62,.63,3329125
CHM,20091117,.018,.018,.018,.018,2426732
CHN,20091117,.55,.57,.52,.52,1671517
CHO,20091117,5.05,5.05,5.01,5.01,11095
CHZ,20091117,.20,.20,.20,.20,32800
CIF,20091117,1.93,1.965,1.85,1.95,59866
CIG,20091117,.015,.015,.014,.014,1262000
CII,20091117,.86,.88,.86,.88,46805
CIL,20091117,1.225,1.25,1.225,1.23,5726
CIN,20091117,18.59,18.95,18.59,18.95,500
CIR,20091117,.71,.71,.71,.71,1840
CIX,20091117,.31,.315,.31,.315,84007
CKK,20091117,.26,.26,.235,.24,1057041
CKT,20091117,.76,.77,.75,.75,48000
CLO,20091117,.89,.905,.865,.88,1071426
CLX,20091117,.95,.95,.95,.95,10000
CLY,20091117,.16,.165,.16,.165,56970
CMG,20091117,.175,.19,.175,.19,291225
CMI,20091117,.60,.60,.60,.60,300
CMJ,20091117,3.16,3.22,3.11,3.14,665195
CMO,20091117,.019,.02,.019,.019,180000
CMP,20091117,.18,.18,.18,.18,5000
CMV,20091117,.08,.081,.078,.08,914747
CMW,20091117,.785,.85,.77,.77,548470
CNA,20091117,78.00,78.40,77.84,77.90,185336
CND,20091117,.94,.94,.90,.90,132160
CNK,20091117,.105,.105,.105,.105,40000
CNN,20091117,.026,.026,.026,.026,1810000
CNP,20091117,.315,.32,.31,.31,2366746
CNT,20091117,2.41,2.44,2.40,2.42,330435
CNX,20091117,.755,.76,.74,.745,657774
COE,20091117,.51,.51,.505,.505,422598
COF,20091117,2.21,2.24,2.19,2.19,185333
COH,20091117,62.25,62.26,61.27,61.28,194415
COI,20091117,.40,.41,.40,.405,166083
COK,20091117,.38,.40,.38,.39,1952147
COM,20091117,.165,.165,.16,.16,24000
COS,20091117,.10,.10,.10,.10,75990
COU,20091117,1.39,1.40,1.355,1.355,118076
COV,20091117,.265,.265,.20,.21,2566478
COY,20091117,.16,.16,.16,.16,60000
COZ,20091117,.34,.345,.33,.33,226764
CPA,20091117,1.015,1.02,.98,.995,8997324
CPB,20091117,27.50,27.50,26.69,27.23,27783
CPI,20091117,.16,.22,.16,.22,40833
CPL,20091117,.36,.37,.34,.35,368420
CPN,20091117,.051,.051,.05,.05,644884
CPR,20091117,.615,.62,.615,.615,42131
CPU,20091117,11.01,11.01,10.81,10.85,1687090
CQT,20091117,.625,.645,.61,.61,2180076
CRE,20091117,.215,.245,.215,.245,306476
CRG,20091117,8.95,8.95,8.73,8.79,270019
CRJ,20091117,.035,.039,.035,.037,1250919
CRZ,20091117,4.50,4.56,4.46,4.50,267307
CSE,20091117,.16,.18,.16,.18,408419
CSL,20091117,32.10,32.40,31.95,32.10,2441566
CSR,20091117,1.91,1.91,1.845,1.86,6267459
CSS,20091117,.29,.295,.285,.285,1944818
CST,20091117,3.87,3.90,3.78,3.85,152904
CSV,20091117,1.80,1.80,1.70,1.74,384681
CSW,20091117,.93,.93,.93,.93,88950
CTE,20091117,.135,.135,.135,.135,15500
CTN,20091117,1.125,1.165,1.125,1.155,108725
CTO,20091117,.16,.165,.16,.165,4276718
CTP,20091117,.15,.155,.145,.15,3179853
CTX,20091117,10.18,10.32,10.03,10.06,1438220
CUE,20091117,.245,.245,.23,.23,1059869
CUL,20091117,.057,.059,.057,.057,122379
CUR,20091117,.37,.38,.37,.37,112767
CUS,20091117,3.24,3.24,3.15,3.16,163802
CUU,20091117,.022,.022,.022,.022,889706
CUV,20091117,.275,.28,.275,.28,183928
CUX,20091117,.19,.215,.19,.215,365187
CUY,20091117,.415,.415,.415,.415,6100
CVC,20091117,.71,.75,.71,.75,13141
CVG,20091117,.145,.145,.135,.14,31300
CVI,20091117,.005,.005,.004,.004,2602220
CVN,20091117,.58,.58,.55,.555,2546900
CVR,20091117,.075,.081,.075,.08,567210
CVS,20091117,.03,.03,.03,.03,76944
CVY,20091117,.29,.29,.285,.29,512438
CWE,20091117,.145,.15,.14,.145,6322291
CWK,20091117,.35,.35,.33,.33,30200
CWN,20091117,8.18,8.18,7.97,8.05,2151560
CWT,20091117,.32,.32,.32,.32,24000
CXC,20091117,24.00,24.15,23.60,23.79,12809
CXE,20091117,.019,.019,.019,.019,18800
CXN,20091117,.036,.037,.036,.037,200000
CXP,20091117,4.39,4.45,4.36,4.40,233377
CXS,20091117,.97,1.01,.955,.97,994809
CXU,20091117,.49,.50,.49,.49,71353
CXY,20091117,.096,.096,.093,.093,2129597
CYA,20091117,.87,.88,.85,.85,398701
CYC,20091117,.092,.092,.09,.09,250000
CYG,20091117,1.90,1.90,1.90,1.90,7200
CYS,20091117,.395,.395,.395,.395,50500
CYT,20091117,.087,.087,.085,.085,38352
CYU,20091117,.225,.225,.215,.225,345467
CZA,20091117,1.84,1.875,1.83,1.83,203008
CZP,20091117,.049,.049,.049,.049,190000
DBS,20091117,.28,.28,.28,.28,100000
DCG,20091117,1.31,1.31,1.26,1.29,316026
DDD,20091117,.02,.02,.02,.02,8000
DDT,20091117,.055,.055,.053,.054,536360
DEG,20091117,.052,.06,.052,.06,376250
DEX,20091117,.50,.50,.49,.50,187914
DGR,20091117,.075,.077,.075,.077,70000
DIO,20091117,.915,.925,.91,.91,202754
DJS,20091117,5.92,5.96,5.86,5.88,2807840
DJW,20091117,4.49,4.50,4.44,4.44,66324
DKN,20091117,.66,.66,.66,.66,18100
DLS,20091117,.062,.063,.056,.056,50229826
DMA,20091117,.28,.28,.26,.27,102229
DMG,20091117,.175,.175,.175,.175,2000
DML,20091117,.50,.50,.49,.495,405984
DMM,20091117,.275,.275,.275,.275,8250
DMN,20091117,.002,.002,.002,.002,500000
DMP,20091117,4.40,4.50,4.30,4.50,21382
DMX,20091117,.34,.34,.34,.34,111550
DMY,20091117,.04,.04,.04,.04,6700
DOM,20091117,4.05,4.14,4.04,4.07,483079
DOW,20091117,9.08,9.09,8.83,8.87,510863
DRA,20091117,.086,.087,.083,.084,2409702
DRK,20091117,.285,.285,.28,.28,48945
DRX,20091117,.15,.15,.145,.145,315686
DTL,20091117,8.13,8.18,8.10,8.10,15200
DTM,20091117,.072,.072,.07,.07,49000
DUE,20091117,1.765,1.78,1.75,1.775,1727998
DUI,20091117,3.15,3.16,3.11,3.11,49131
DVN,20091117,.465,.465,.46,.46,56250
DWS,20091117,1.71,1.73,1.68,1.68,80518
DXS,20091117,.84,.86,.835,.85,23887005
DYE,20091117,.99,1.015,.985,.99,187602
DYL,20091117,.365,.37,.355,.37,1584740
EAL,20091117,.36,.36,.36,.36,19968
EAR,20091117,.051,.051,.05,.05,326000
EBG,20091117,.066,.066,.066,.066,2000
EBT,20091117,.076,.076,.074,.074,135000
ECE,20091117,.004,.004,.003,.003,12350000
ECU,20091117,.42,.42,.40,.405,240397
EDE,20091117,.078,.078,.072,.072,754789
EDS,20091117,.155,.155,.155,.155,21915
EEE,20091117,.07,.07,.065,.065,50300
EER,20091117,.115,.115,.11,.11,104611
EFG,20091117,.063,.066,.063,.065,154336
EFT,20091117,.036,.036,.035,.035,168949
EGO,20091117,.013,.013,.011,.012,35395588
EHL,20091117,.86,.90,.86,.90,3565765
EKA,20091117,.07,.07,.069,.069,46000
EKM,20091117,.14,.145,.13,.135,1968633
ELD,20091117,.18,.18,.17,.17,72523830
ELK,20091117,.19,.205,.175,.18,209800
ELM,20091117,.46,.46,.46,.46,66500
EMA,20091117,.23,.23,.225,.23,74500
EME,20091117,.91,.935,.91,.935,13000
EMG,20091117,.73,.78,.73,.78,124920
EMR,20091117,.049,.049,.045,.045,315915
EMS,20091117,.076,.078,.075,.076,745000
EMU,20091117,.22,.22,.22,.22,45454
ENB,20091117,.295,.295,.295,.295,5000
ENE,20091117,2.50,2.50,2.45,2.45,58173
ENL,20091117,.035,.035,.035,.035,20000
ENR,20091117,.275,.275,.27,.27,39500
ENT,20091117,.38,.39,.37,.37,323233
ENV,20091117,.525,.53,.52,.525,1235616
EPG,20091117,.20,.205,.195,.195,218500
EPL,20091117,.09,.09,.09,.09,14911
EPS,20091117,.065,.065,.065,.065,3985
EPX,20091117,1.40,1.45,1.38,1.40,271037
EQF,20091117,.275,.275,.275,.275,1000
EQN,20091117,4.01,4.07,3.92,3.94,5011341
EQT,20091117,18.60,18.60,18.60,18.60,3410
EQX,20091117,.032,.032,.027,.027,468081
ERA,20091117,24.85,24.85,24.05,24.13,159246
ERC,20091117,.53,.535,.53,.53,164736
ERH,20091117,.12,.135,.12,.135,867541
ERJ,20091117,.19,.195,.19,.19,67250
ERL,20091117,.091,.092,.09,.092,300000
ERM,20091117,.275,.275,.27,.27,206688
ESG,20091117,.87,.875,.85,.85,2456551
ESI,20091117,.055,.055,.052,.052,1262946
ESV,20091117,.53,.53,.525,.53,185510
ETE,20091117,.215,.225,.215,.22,1030993
ETT,20091117,.006,.006,.005,.005,14413330
EVE,20091117,.083,.083,.075,.075,870200
EVG,20091117,.097,.097,.093,.093,2304637
EVZ,20091117,.165,.165,.165,.165,3200
EWC,20091117,.49,.49,.465,.475,862810
EXE,20091117,.205,.22,.205,.22,426500
EXM,20091117,.022,.024,.021,.021,238712111
EXR,20091117,.045,.045,.041,.042,275625
EXS,20091117,.265,.265,.255,.255,96000
EXT,20091117,8.38,8.57,8.26,8.33,217031
EZL,20091117,1.52,1.52,1.52,1.52,4706
FAN,20091117,4.15,4.15,4.06,4.09,23832
FAR,20091117,.083,.084,.072,.072,49023743
FAS,20091117,.063,.063,.057,.061,2265236
FAT,20091117,.935,.935,.92,.92,3150
FBU,20091117,6.42,6.45,6.34,6.37,1727235
FCN,20091117,.27,.27,.24,.25,562436
FCS,20091117,.023,.023,.023,.023,2036
FEA,20091117,.079,.079,.078,.079,377105
FFF,20091117,.046,.05,.046,.048,1465956
FGE,20091117,1.945,1.945,1.88,1.88,98407
FGI,20091117,.35,.35,.35,.35,871
FGL,20091117,5.66,5.69,5.53,5.54,4267987
FKP,20091117,.745,.75,.73,.735,841568
FLK,20091117,.125,.13,.12,.125,1811221
FLS,20091117,.33,.40,.33,.38,190076
FLT,20091117,18.00,18.29,17.83,18.13,297783
FLX,20091117,17.40,17.44,17.34,17.34,200548
FMG,20091117,4.27,4.34,4.20,4.23,7416505
FML,20091117,.058,.06,.055,.056,77429818
FMS,20091117,.175,.175,.165,.165,7275641
FND,20091117,.41,.41,.41,.41,34097
FNP,20091117,.32,.32,.32,.32,11930
FNT,20091117,.03,.03,.03,.03,171000
FPA,20091117,.51,.535,.505,.535,102099
FPH,20091117,2.44,2.50,2.43,2.44,50902
FPS,20091117,1.56,1.56,1.55,1.55,4100
FRI,20091117,.865,.865,.865,.865,510
FRS,20091117,.75,.75,.725,.725,343539
FSA,20091117,.38,.385,.38,.38,124862
FSE,20091117,.039,.039,.037,.037,1381942
FTE,20091117,.165,.165,.16,.165,730700
FUN,20091117,.26,.26,.255,.255,80696
FUT,20091117,.008,.008,.007,.008,25335930
FWD,20091117,7.69,7.74,7.61,7.63,99590
FXJ,20091117,1.74,1.755,1.705,1.72,9083240
FXL,20091117,1.53,1.55,1.485,1.50,570057
FXR,20091117,.26,.26,.255,.255,364292
FYI,20091117,.007,.007,.006,.006,800000
GAP,20091117,.13,.15,.13,.14,371965
GBE,20091117,.24,.24,.225,.24,203673
GBG,20091117,.965,.98,.95,.96,2546886
GBI,20091117,.89,.89,.88,.88,122800
GBP,20091117,.16,.16,.155,.16,202134
GBT,20091117,1.05,1.05,1.05,1.05,5000
GBZ,20091117,.225,.245,.215,.22,885679
GCG,20091117,.13,.13,.12,.125,969097
GCL,20091117,6.03,6.19,6.00,6.17,38011
GCR,20091117,.025,.025,.024,.024,706500
GCS,20091117,.86,.86,.86,.86,5000
GDA,20091117,.055,.056,.051,.053,7389142
GDN,20091117,.043,.044,.042,.042,683142
GDO,20091117,.35,.375,.345,.36,3779895
GDY,20091117,.89,.89,.86,.86,284610
GER,20091117,.16,.16,.16,.16,6000
GFE,20091117,.14,.14,.14,.14,943
GFF,20091117,1.53,1.55,1.525,1.535,8509409
GGG,20091117,.45,.46,.41,.425,705995
GGP,20091117,.04,.04,.039,.039,1802052
GGX,20091117,.052,.052,.052,.052,50000
GGY,20091117,.053,.053,.051,.051,177830
GIP,20091117,.066,.066,.065,.065,687791
GIR,20091117,1.13,1.15,1.12,1.14,389920
GJT,20091117,.051,.054,.05,.053,1531000
GLA,20091117,.044,.045,.044,.045,539319
GLB,20091117,.43,.43,.42,.42,6769
GLF,20091117,.033,.033,.033,.033,120000
GLH,20091117,.03,.03,.03,.03,100000
GLN,20091117,.032,.032,.03,.03,664363
GMD,20091117,.11,.11,.105,.105,62300
GME,20091117,.091,.091,.091,.091,35000
GMG,20091117,.625,.64,.615,.63,49225603
GMI,20091117,1.14,1.195,1.14,1.155,929021
GMR,20091117,.175,.18,.16,.17,945994
GMX,20091117,.655,.655,.64,.64,28303
GNC,20091117,6.68,6.69,6.41,6.51,1997903
GNM,20091117,.64,.64,.60,.64,47082
GNS,20091117,1.025,1.025,.97,.98,2550424
GNV,20091117,.07,.078,.07,.078,40119
GOA,20091117,.052,.053,.049,.049,2050142
GOW,20091117,2.69,2.77,2.69,2.77,3842
GOZ,20091117,1.555,1.57,1.555,1.555,5660
GPB,20091117,.16,.165,.16,.165,11000
GPG,20091117,.665,.665,.655,.655,90630
GPM,20091117,.195,.195,.195,.195,72399
GPT,20091117,.655,.66,.635,.64,39294461
GRB,20091117,.15,.18,.145,.145,2420005
GRK,20091117,.06,.062,.06,.062,344212
GRR,20091117,.28,.28,.27,.275,2539223
GRY,20091117,.57,.575,.55,.56,248397
GSC,20091117,.135,.135,.12,.13,724867
GSE,20091117,.039,.039,.039,.039,570000
GSF,20091117,.004,.004,.004,.004,300000
GTE,20091117,.19,.19,.18,.18,118437
GTG,20091117,.053,.053,.053,.053,100000
GTX,20091117,.024,.029,.024,.029,65000
GUD,20091117,9.00,9.00,8.80,8.90,146680
GUN,20091117,.12,.12,.11,.115,214998
GWR,20091117,.50,.505,.48,.49,172708
GWT,20091117,2.90,2.91,2.77,2.78,626571
GXL,20091117,.95,.95,.94,.94,18500
GXY,20091117,1.635,1.64,1.55,1.55,441621
GYN,20091117,.075,.075,.075,.075,13200
HAO,20091117,.085,.085,.085,.085,40500
HAP,20091117,.295,.295,.29,.295,120000
HAV,20091117,.59,.59,.59,.59,34500
HAW,20091117,.009,.009,.009,.009,3692000
HAZ,20091117,.20,.20,.19,.19,112771
HCG,20091117,.046,.046,.042,.042,497770
HCT,20091117,.15,.16,.15,.16,60102
HDF,20091117,1.08,1.08,1.06,1.08,1565315
HDG,20091117,.115,.115,.115,.115,50000
HDN,20091117,.24,.24,.225,.225,29150
HEG,20091117,.225,.23,.215,.22,326891
HEM,20091117,.65,.70,.61,.65,1100504
HFA,20091117,.255,.26,.255,.26,1255351
HGG,20091117,2.47,2.50,2.46,2.47,2677919
HGN,20091117,.56,.56,.50,.52,947989
HGO,20091117,.32,.33,.315,.33,760016
HHL,20091117,6.90,6.90,6.80,6.88,8476
HHV,20091117,.83,.83,.825,.83,340789
HHY,20091117,1.195,1.20,1.19,1.19,127000
HIG,20091117,.39,.40,.37,.37,1811743
HIL,20091117,2.10,2.11,2.04,2.07,285883
HIN,20091117,.96,.96,.96,.96,759468
HLG,20091117,.27,.27,.27,.27,18029
HLX,20091117,.11,.11,.105,.11,70555
HMC,20091117,.043,.043,.042,.042,956060
HNG,20091117,1.10,1.10,1.10,1.10,5000
HNR,20091117,.175,.185,.175,.18,1028373
HRL,20091117,.16,.16,.15,.16,90053
HRR,20091117,.36,.38,.34,.345,696465
HRS,20091117,.255,.255,.25,.25,40000
HSK,20091117,.45,.46,.435,.455,742002
HSN,20091117,.63,.63,.61,.61,34422
HSP,20091117,4.79,4.88,4.79,4.86,503211
HST,20091117,1.86,1.89,1.81,1.82,822582
HTA,20091117,.115,.115,.115,.115,60000
HTC,20091117,.02,.02,.019,.02,178000
HTI,20091117,.011,.011,.01,.01,635566
HTM,20091117,.031,.032,.03,.03,145764
HTX,20091117,.09,.09,.085,.088,174681
HVN,20091117,4.48,4.48,4.41,4.43,3594361
HXL,20091117,.61,.61,.60,.60,13068
HYO,20091117,.031,.031,.031,.031,50000
HZL,20091117,.40,.40,.40,.40,5000
HZN,20091117,.335,.34,.33,.34,2700296
IAA,20091117,43.34,43.34,42.80,43.00,10231
IAG,20091117,4.10,4.10,3.92,3.92,8633422
IAT,20091117,.015,.015,.015,.015,71715
IAU,20091117,.31,.31,.30,.30,936095
IBC,20091117,.475,.475,.47,.47,42000
IBG,20091117,.185,.185,.18,.18,155677
IBK,20091117,50.58,50.59,50.39,50.59,2424
ICN,20091117,.445,.445,.425,.43,405805
ICP,20091117,.054,.054,.054,.054,600000
ICS,20091117,.047,.048,.047,.048,311999
IDG,20091117,.275,.30,.27,.29,794284
IDL,20091117,.49,.49,.475,.48,2267575
IDM,20091117,.135,.135,.125,.13,295423
IDO,20091117,.18,.18,.18,.18,3400
IDT,20091117,1.48,1.48,1.48,1.48,6000
IEF,20091117,.23,.23,.225,.225,63533
IEM,20091117,45.13,45.13,44.52,44.70,7762
IEU,20091117,43.93,43.93,43.49,43.70,1707
IFE,20091117,.615,.66,.59,.595,281323
IFL,20091117,5.81,5.85,5.59,5.65,375486
IFM,20091117,.40,.405,.39,.395,119867
IFN,20091117,1.47,1.47,1.415,1.425,1381582
IFS,20091117,.07,.071,.07,.07,51821
IGC,20091117,.305,.34,.305,.34,4290453
IGO,20091117,4.69,4.71,4.55,4.61,348389
IGR,20091117,.305,.315,.30,.30,8797267
IHF,20091117,.73,.73,.725,.725,26800
IHK,20091117,17.51,17.51,17.51,17.51,116
IIF,20091117,.48,.48,.465,.47,11636818
III,20091117,.10,.11,.10,.11,22083
IIN,20091117,1.77,1.79,1.75,1.765,120181
IJP,20091117,10.30,10.30,10.30,10.30,2360
IKO,20091117,49.30,49.30,48.88,49.09,7029
ILF,20091117,.11,.115,.105,.105,123437
ILU,20091117,3.50,3.54,3.40,3.43,351731
IMA,20091117,.835,.835,.82,.83,60615
IMC,20091117,.071,.075,.071,.071,115500
IMD,20091117,.90,.92,.89,.89,508729
IMF,20091117,1.735,1.74,1.705,1.705,166312
IMI,20091117,.003,.004,.003,.004,3650000
IMP,20091117,.007,.007,.007,.007,2800000
INE,20091117,.495,.495,.49,.49,34500
INL,20091117,.015,.02,.015,.018,37536457
INP,20091117,.185,.19,.18,.19,534204
INQ,20091117,.14,.145,.14,.145,94076
INT,20091117,.018,.018,.017,.017,1671056
IOF,20091117,.595,.60,.58,.59,10233406
IOH,20091117,1.44,1.495,1.425,1.43,1350213
IOO,20091117,66.65,66.65,66.46,66.46,4708
IPD,20091117,.74,.75,.73,.73,46440
IPE,20091117,.29,.29,.28,.28,153737
IPL,20091117,2.84,2.85,2.75,2.76,15538273
IPR,20091117,.13,.13,.12,.12,325346
IPT,20091117,.26,.265,.26,.265,126150
IRC,20091117,.21,.21,.205,.205,65000
IRD,20091117,.55,.55,.55,.55,1590
IRE,20091117,8.13,8.13,7.87,7.89,97769
IRG,20091117,.016,.016,.016,.016,300000
IRI,20091117,.505,.52,.50,.50,64644
IRL,20091117,.058,.061,.05,.05,1819176
IRM,20091117,.096,.096,.09,.09,161674
IRN,20091117,1.05,1.10,1.05,1.065,1531522
IRU,20091117,64.77,64.77,64.77,64.77,2
ISF,20091117,.78,.785,.77,.78,982460
ISG,20091117,12.38,12.38,12.38,12.38,2185
ISK,20091117,.145,.145,.14,.14,62329
ISS,20091117,.22,.22,.21,.21,207137
ITC,20091117,.057,.057,.055,.057,1102200
ITS,20091117,.27,.27,.27,.27,5000
ITW,20091117,14.01,14.01,14.01,14.01,1800
ITX,20091117,1.05,1.05,1.00,1.00,18477
IVA,20091117,3.88,3.89,3.60,3.83,115552
IVC,20091117,6.10,6.19,5.91,5.98,190180
IVE,20091117,61.40,61.71,61.11,61.69,7539
IVV,20091117,119.25,119.32,118.85,119.13,2629
IXI,20091117,61.80,61.84,61.70,61.84,2058
IXR,20091117,.295,.295,.29,.295,59500
IZZ,20091117,49.72,49.72,49.16,49.16,6996
JAL,20091117,.39,.39,.37,.37,57011
JAT,20091117,.033,.033,.033,.033,33000
JBH,20091117,23.10,23.28,22.17,22.59,597157
JET,20091117,1.30,1.30,1.29,1.30,12000
JGL,20091117,.087,.087,.087,.087,155000
JHX,20091117,7.90,7.90,7.67,7.76,2573964
JMB,20091117,.33,.33,.30,.31,131000
JML,20091117,.46,.475,.46,.47,2371352
JMS,20091117,.21,.21,.205,.21,230518
JPR,20091117,.075,.075,.067,.068,5957079
JRL,20091117,1.105,1.12,1.09,1.12,97895
JRV,20091117,.006,.006,.005,.005,3980000
JYC,20091117,.49,.49,.49,.49,88000
KAM,20091117,.72,.72,.71,.71,2500
KAR,20091117,8.24,8.25,7.95,7.95,367527
KAT,20091117,.70,.70,.70,.70,23091
KBC,20091117,.086,.089,.086,.087,349715
KCN,20091117,9.72,9.77,9.56,9.58,505290
KEN,20091117,.185,.185,.175,.18,112645
KEY,20091117,.11,.115,.11,.115,291850
KGL,20091117,.17,.17,.165,.17,2318976
KIK,20091117,.13,.135,.12,.12,357122
KIL,20091117,.99,1.00,.905,.905,705459
KLM,20091117,.45,.45,.45,.45,237625
KMD,20091117,1.78,1.79,1.76,1.76,3935854
KMN,20091117,.17,.18,.165,.175,277888
KOR,20091117,.18,.18,.175,.175,160399
KRM,20091117,.69,.69,.68,.68,50702
KRS,20091117,.215,.215,.215,.215,50000
KSC,20091117,2.80,2.85,2.80,2.85,6400
KSX,20091117,.05,.051,.047,.047,1160045
KTE,20091117,.036,.036,.036,.036,113500
KYC,20091117,.53,.535,.52,.52,62154
KZL,20091117,1.10,1.11,1.055,1.075,5714000
LAT,20091117,.034,.042,.034,.037,2704304
LBL,20091117,.105,.11,.105,.11,45000
LBY,20091117,.15,.155,.15,.15,544793
LCR,20091117,.24,.24,.22,.22,55000
LCT,20091117,.275,.295,.265,.29,515991
LCY,20091117,.11,.115,.10,.105,770122
LDW,20091117,2.30,2.30,2.30,2.30,1700
LEF,20091117,.074,.074,.073,.074,90000
LEG,20091117,.037,.037,.037,.037,1044000
LEI,20091117,38.16,38.38,36.99,36.99,593288
LEP,20091117,2.23,2.23,2.19,2.21,166370
LGL,20091117,3.58,3.58,3.47,3.47,22943694
LGO,20091117,.01,.01,.01,.01,50000
LIN,20091117,.28,.31,.28,.30,199467
LKO,20091117,.01,.01,.009,.009,18165704
LLA,20091117,.032,.032,.03,.03,6000
LLP,20091117,.30,.305,.30,.305,1997245
LMC,20091117,4.45,4.50,4.43,4.50,6250
LML,20091117,.32,.32,.29,.30,453608
LMP,20091117,.12,.12,.12,.12,71300
LNC,20091117,1.57,1.575,1.515,1.515,1242017
LNG,20091117,1.325,1.33,1.30,1.30,844514
LOD,20091117,.19,.19,.175,.175,97000
LOM,20091117,.016,.016,.016,.016,21800
LRF,20091117,.625,.645,.625,.625,185315
LRG,20091117,.034,.034,.032,.033,225096
LSA,20091117,.02,.022,.02,.021,24816566
LST,20091117,1.92,1.93,1.89,1.90,200681
LWB,20091117,2.09,2.12,2.09,2.09,737
LYC,20091117,.53,.53,.51,.51,29340844
LYL,20091117,2.92,2.92,2.85,2.85,19718
MAE,20091117,.125,.13,.125,.125,896097
MAH,20091117,.585,.59,.565,.58,4826819
MAK,20091117,.38,.41,.375,.385,2565713
MAN,20091117,.009,.009,.008,.008,1656944
MAP,20091117,2.82,2.83,2.80,2.82,2715873
MAQ,20091117,3.80,3.80,3.80,3.80,4200
MAR,20091117,.10,.105,.093,.093,370000
MAS,20091117,.041,.043,.041,.043,155000
MAT,20091117,.31,.31,.285,.285,382760
MAU,20091117,.20,.21,.20,.21,305100
MBA,20091117,.025,.025,.025,.025,120000
MBD,20091117,.058,.058,.058,.058,14228
MBN,20091117,3.04,3.07,2.98,3.01,557387
MBP,20091117,.031,.031,.03,.03,250000
MBT,20091117,.265,.285,.265,.27,268020
MCC,20091117,9.96,10.31,9.96,10.18,2526360
MCE,20091117,1.405,1.49,1.39,1.39,256962
MCH,20091117,.70,.70,.70,.70,1930
MCL,20091117,.005,.006,.005,.005,14534010
MCO,20091117,.33,.33,.33,.33,10000
MCP,20091117,3.18,3.20,3.14,3.16,470012
MCR,20091117,2.11,2.15,2.09,2.12,1148969
MCU,20091117,.86,.86,.83,.86,157520
MCW,20091117,.635,.635,.60,.605,6000078
MDA,20091117,.053,.053,.05,.05,45660
MDL,20091117,1.07,1.07,1.04,1.045,540354
MDS,20091117,.043,.05,.043,.05,397192
MDT,20091117,.105,.12,.10,.11,29754102
MDV,20091117,.013,.013,.012,.012,640315
MDX,20091117,.49,.495,.49,.495,21000
MEI,20091117,.21,.21,.21,.21,156000
MEL,20091117,.52,.52,.49,.50,779637
MEP,20091117,.27,.27,.255,.255,253101
MES,20091117,.10,.10,.10,.10,5000
MEU,20091117,.14,.145,.135,.135,536761
MFC,20091117,.115,.12,.115,.12,184142
MFF,20091117,.615,.62,.615,.615,57986
MFG,20091117,.78,.80,.78,.80,619034
MGK,20091117,.038,.038,.038,.038,200000
MGN,20091117,1.50,1.50,1.50,1.50,2000
MGO,20091117,.17,.17,.165,.17,415000
MGR,20091117,1.58,1.59,1.545,1.545,5456413
MGX,20091117,1.58,1.645,1.52,1.53,8845020
MGY,20091117,.07,.072,.07,.072,73200
MHC,20091117,1.40,1.555,1.40,1.48,139198
MHL,20091117,.003,.003,.003,.003,11829399
MHM,20091117,.305,.305,.275,.285,928302
MIG,20091117,1.37,1.38,1.36,1.365,5814529
MII,20091117,.094,.097,.094,.097,135000
MIK,20091117,.095,.095,.09,.09,208671
MIN,20091117,7.14,7.20,6.64,7.00,213418
MIR,20091117,2.01,2.05,2.00,2.00,60035
MIX,20091117,.071,.072,.071,.072,402045
MKB,20091117,.09,.09,.09,.09,9335
MLB,20091117,1.765,1.78,1.73,1.73,121606
MLI,20091117,.044,.044,.042,.042,4814382
MLM,20091117,.28,.285,.28,.285,122145
MLS,20091117,.014,.014,.013,.013,531500
MLT,20091117,17.90,18.07,17.85,18.05,26723
MLX,20091117,.11,.115,.11,.11,584000
MMA,20091117,.46,.46,.46,.46,9953
MMG,20091117,1.98,2.05,1.95,2.01,1086957
MML,20091117,4.10,4.21,4.05,4.21,679834
MMR,20091117,.39,.39,.355,.355,205000
MMS,20091117,4.41,4.50,4.40,4.45,120550
MMW,20091117,.685,.79,.68,.78,542479
MMX,20091117,1.73,1.83,1.72,1.79,4461695
MMY,20091117,.08,.08,.08,.08,7401
MMZ,20091117,.005,.005,.005,.005,1369750
MND,20091117,13.89,13.89,13.51,13.53,195544
MNL,20091117,.505,.52,.505,.505,47100
MNM,20091117,.042,.042,.041,.042,704245
MOC,20091117,1.32,1.35,1.31,1.35,60000
MOF,20091117,.325,.325,.315,.32,24578138
MOG,20091117,.215,.22,.21,.21,816952
MOL,20091117,.92,.92,.885,.90,380450
MOS,20091117,.12,.12,.115,.12,1825097
MOX,20091117,.092,.094,.09,.09,462189
MPF,20091117,.093,.098,.093,.098,69178
MPI,20091117,.024,.024,.024,.024,89885
MPJ,20091117,.002,.002,.002,.002,1604300
MPO,20091117,1.63,1.635,1.52,1.53,1254915
MPS,20091117,.10,.10,.10,.10,73333
MQG,20091117,49.69,49.69,48.54,48.72,1730695
MRC,20091117,.042,.042,.04,.04,261000
MRE,20091117,.935,.965,.89,.90,5786153
MRK,20091117,.012,.014,.012,.012,2626863
MRM,20091117,2.90,2.94,2.88,2.94,263242
MRN,20091117,.56,.56,.55,.55,22500
MRO,20091117,.095,.095,.09,.09,473115
MRU,20091117,4.50,4.52,4.16,4.16,131750
MRZ,20091117,.53,.53,.52,.52,1735988
MSB,20091117,1.305,1.395,1.30,1.395,353752
MSC,20091117,.004,.005,.004,.004,28790000
MSF,20091117,2.07,2.07,2.04,2.04,19704
MSH,20091117,.145,.145,.145,.145,73350
MSL,20091117,2.14,2.17,2.11,2.17,210573
MSR,20091117,.17,.185,.17,.185,965911
MST,20091117,.03,.031,.029,.029,1370121
MTB,20091117,.021,.021,.021,.021,75000
MTH,20091117,.205,.225,.205,.21,326870
MTN,20091117,.61,.61,.55,.55,182525
MTS,20091117,4.69,4.71,4.65,4.67,3292841
MTU,20091117,1.60,1.635,1.59,1.635,104095
MTY,20091117,.029,.03,.028,.028,903924
MUE,20091117,.205,.205,.20,.205,87000
MUM,20091117,.059,.059,.059,.059,20000
MUN,20091117,.25,.28,.245,.27,568505
MVH,20091117,.025,.025,.021,.023,271741
MVP,20091117,.18,.18,.18,.18,79900
MWN,20091117,.15,.15,.15,.15,50000
MWS,20091117,.023,.023,.023,.023,10637
MXI,20091117,.43,.435,.43,.43,29300
MXQ,20091117,.08,.08,.08,.08,200000
MXR,20091117,.035,.036,.035,.035,749777
MYG,20091117,.058,.059,.054,.054,356733
MYR,20091117,3.94,3.95,3.85,3.85,4538749
MYS,20091117,2.71,2.72,2.71,2.71,24554
MZI,20091117,.02,.02,.018,.019,182000
MZM,20091117,.235,.24,.235,.24,35438
NAB,20091117,28.76,28.80,28.05,28.50,7970191
NAD,20091117,.057,.063,.054,.06,20235673
NAM,20091117,.425,.425,.42,.42,5537
NAN,20091117,.58,.58,.575,.58,260819
NAV,20091117,.18,.195,.175,.195,2083170
NBL,20091117,1.20,1.20,1.18,1.20,206773
NBS,20091117,.22,.23,.205,.205,6757683
NCK,20091117,1.30,1.30,1.27,1.27,603904
NCM,20091117,36.15,36.25,35.12,35.24,1461448
NDO,20091117,.135,.135,.13,.13,1387574
NEC,20091117,1.10,1.19,1.09,1.16,969754
NEM,20091117,5.56,5.58,5.53,5.54,436514
NFE,20091117,1.615,1.635,1.52,1.56,926225
NFK,20091117,.755,.785,.755,.78,491021
NGE,20091117,.19,.195,.185,.19,1438395
NGF,20091117,.34,.34,.325,.33,3121921
NGM,20091117,.15,.15,.135,.135,447440
NGX,20091117,1.16,1.19,1.16,1.19,99969
NGY,20091117,.125,.125,.11,.12,335760
NHC,20091117,4.24,4.37,4.24,4.35,855522
NHF,20091117,1.325,1.36,1.325,1.34,218087
NIO,20091117,.021,.021,.02,.02,200000
NIP,20091117,.65,.655,.64,.655,118660
NKP,20091117,.38,.38,.365,.365,1882737
NLG,20091117,.039,.039,.034,.034,470885
NME,20091117,.25,.255,.25,.255,11614
NMG,20091117,.31,.31,.28,.30,22533
NMI,20091117,.17,.17,.15,.15,996359
NMR,20091117,.105,.105,.10,.10,149190
NMS,20091117,.775,.78,.76,.765,1969943
NOD,20091117,.825,.83,.78,.78,1631444
NPX,20091117,2.02,2.04,1.965,1.985,41805
NQM,20091117,.32,.33,.315,.315,992854
NRL,20091117,.032,.034,.032,.034,556000
NRT,20091117,.475,.485,.475,.485,181209
NRU,20091117,.043,.043,.043,.043,227919
NSE,20091117,.073,.077,.072,.075,553900
NSL,20091117,.031,.031,.029,.03,4819213
NSP,20091117,.245,.25,.23,.23,355175
NSX,20091117,.265,.265,.265,.265,101744
NTC,20091117,.49,.51,.49,.51,397041
NTU,20091117,.21,.21,.19,.195,635143
NUF,20091117,11.85,11.86,11.81,11.84,827514
NUP,20091117,.105,.105,.097,.098,1031000
NVT,20091117,4.20,4.20,4.03,4.05,660321
NWE,20091117,.039,.04,.036,.036,17489255
NWH,20091117,1.84,1.89,1.775,1.83,707598
NWR,20091117,.061,.061,.061,.061,100000
NWS,20091117,16.02,16.16,15.89,15.93,918611
NWT,20091117,.006,.006,.005,.005,14690495
NXS,20091117,.375,.385,.365,.365,14489701
NZO,20091117,1.37,1.37,1.36,1.36,163846
OAK,20091117,.43,.435,.42,.42,102066
OBJ,20091117,.029,.029,.027,.028,17356366
OCL,20091117,.375,.375,.37,.37,15000
OCP,20091117,2.80,2.88,2.76,2.79,82059
OEL,20091117,.069,.069,.068,.068,1555803
OEX,20091117,.38,.38,.35,.36,898272
OFG,20091117,.95,.955,.935,.935,23628
OGC,20091117,1.485,1.50,1.45,1.48,2231485
OIL,20091117,.105,.105,.105,.105,15000
OIP,20091117,.105,.105,.10,.10,150000
OKN,20091117,3.83,3.83,3.58,3.61,106486
OKU,20091117,.06,.06,.06,.06,100000
OMH,20091117,1.885,1.94,1.86,1.90,1186590
ONC,20091117,.17,.17,.17,.17,60000
ORC,20091117,.013,.013,.013,.013,184700
ORD,20091117,.058,.063,.056,.059,6836366
ORE,20091117,1.20,1.20,1.155,1.155,149594
ORG,20091117,16.76,16.89,16.54,16.58,2113973
ORH,20091117,.045,.045,.041,.044,235105
ORI,20091117,24.75,24.89,24.53,24.68,1463776
ORL,20091117,6.05,6.26,6.05,6.22,15250
ORM,20091117,.09,.09,.09,.09,20000
ORN,20091117,.058,.062,.058,.062,1941699
ORO,20091117,.006,.006,.006,.006,200000
ORP,20091117,.073,.077,.073,.076,610000
OSH,20091117,5.95,5.95,5.84,5.84,4265396
OST,20091117,3.18,3.19,3.07,3.11,6521819
OUM,20091117,.067,.067,.067,.067,5250
OVR,20091117,.092,.092,.09,.09,140000
OXX,20091117,.42,.44,.39,.43,338334
OZG,20091117,.16,.16,.16,.16,170500
OZL,20091117,1.30,1.315,1.285,1.29,30111557
PAB,20091117,.15,.15,.15,.15,205500
PAG,20091117,1.04,1.04,1.03,1.035,412037
PAN,20091117,2.38,2.53,2.35,2.51,799009
PAX,20091117,.17,.175,.165,.17,132552
PBG,20091117,1.35,1.35,1.305,1.33,2755178
PBP,20091117,2.59,2.59,2.59,2.59,15823
PBT,20091117,.19,.19,.18,.18,217252
PCC,20091117,.016,.016,.016,.016,50000
PCL,20091117,.042,.042,.041,.041,625400
PCP,20091117,.094,.094,.093,.093,393765
PDM,20091117,.069,.069,.069,.069,152000
PDN,20091117,4.39,4.50,4.37,4.42,7102830
PDY,20091117,.023,.024,.023,.024,3381329
PDZ,20091117,.17,.17,.17,.17,100000
PEA,20091117,.36,.36,.36,.36,770
PEK,20091117,.11,.11,.10,.10,784872
PEM,20091117,.525,.525,.47,.485,2816210
PEN,20091117,.046,.047,.046,.046,5512278
PEX,20091117,.12,.12,.12,.12,200000
PFG,20091117,.215,.215,.215,.215,20000
PFL,20091117,1.04,1.07,1.04,1.065,27813
PGA,20091117,1.79,1.80,1.715,1.735,243010
PGC,20091117,.027,.027,.026,.026,62500
PGL,20091117,.54,.55,.54,.55,6949
PGS,20091117,.18,.18,.175,.175,145800
PHG,20091117,.085,.085,.075,.081,540623
PHK,20091117,.115,.115,.115,.115,1530660
PIO,20091117,.064,.065,.062,.062,1160000
PLA,20091117,.95,.96,.925,.925,2419281
PLV,20091117,.485,.485,.46,.47,1041978
PMC,20091117,1.62,1.63,1.61,1.61,58894
PME,20091117,.72,.72,.72,.72,13000
PMH,20091117,.265,.27,.22,.22,610882
PMP,20091117,.69,.695,.66,.69,288815
PMV,20091117,8.14,8.25,8.05,8.21,102607
PNA,20091117,.535,.54,.53,.535,14533751
PNN,20091117,.35,.35,.32,.325,421000
PNO,20091117,.009,.009,.009,.009,1780112
PNX,20091117,.19,.195,.19,.19,275925
POH,20091117,.086,.089,.085,.085,1062159
POL,20091117,.755,.77,.74,.74,400883
POS,20091117,.28,.28,.27,.27,187133
POZ,20091117,.275,.275,.265,.265,56000
PPC,20091117,2.16,2.26,2.16,2.22,49991
PPI,20091117,.195,.195,.18,.18,281000
PPK,20091117,.35,.35,.35,.35,11000
PPN,20091117,.23,.23,.23,.23,1626
PPP,20091117,.435,.44,.43,.43,504609
PPS,20091117,.17,.175,.17,.175,28000
PPT,20091117,33.90,34.44,33.80,34.12,380548
PPX,20091117,.56,.56,.505,.515,1840951
PPY,20091117,.415,.415,.41,.41,55935
PRA,20091117,.20,.20,.20,.20,218559
PRC,20091117,.805,.81,.80,.80,53883
PRE,20091117,.01,.01,.009,.009,3762000
PRG,20091117,4.35,4.39,4.19,4.28,207329
PRO,20091117,.63,.65,.63,.65,9200
PRR,20091117,.165,.165,.16,.165,1231976
PRT,20091117,.75,.75,.745,.75,22000
PRU,20091117,1.845,1.845,1.71,1.71,2193299
PRV,20091117,.80,.80,.785,.795,70536
PRW,20091117,.04,.04,.039,.039,846500
PRY,20091117,6.12,6.15,6.10,6.14,4938508
PSA,20091117,.26,.275,.26,.275,458769
PSF,20091117,.031,.031,.031,.031,150000
PSH,20091117,.805,.815,.805,.815,113068
PSP,20091117,.14,.14,.13,.13,190485
PST,20091117,.73,.73,.73,.73,81000
PSY,20091117,.315,.315,.29,.29,15579
PTM,20091117,5.68,5.74,5.50,5.58,312473
PTN,20091117,.135,.15,.135,.15,237025
PTO,20091117,.012,.012,.009,.009,50000
PTR,20091117,.40,.40,.39,.395,133382
PVA,20091117,3.40,3.50,3.36,3.50,981
PVE,20091117,1.62,1.62,1.58,1.58,106357
PWK,20091117,5.97,5.98,5.93,5.94,181310
PWR,20091117,.059,.059,.059,.059,67
PXR,20091117,.028,.028,.028,.028,156875
PXS,20091117,2.50,2.50,2.41,2.46,297160
PYC,20091117,.11,.11,.11,.11,166000
PYM,20091117,.098,.105,.098,.10,760000
QAN,20091117,2.76,2.79,2.73,2.74,11332413
QBE,20091117,22.60,22.72,22.38,22.44,2927927
QFX,20091117,.062,.062,.062,.062,80000
QHL,20091117,.655,.68,.56,.62,2420917
QML,20091117,.45,.46,.385,.395,980686
QMN,20091117,.31,.31,.30,.30,1085178
QPN,20091117,.008,.009,.008,.008,2139033
QRS,20091117,.065,.065,.062,.062,18714
QRX,20091117,1.12,1.18,1.10,1.16,60165
QST,20091117,.14,.14,.14,.14,10000
QTI,20091117,.45,.47,.45,.47,32750
QTM,20091117,.16,.18,.16,.17,468885
QUR,20091117,.024,.024,.023,.023,1390000
QXQ,20091117,.11,.13,.11,.12,164325
RAW,20091117,.084,.084,.084,.084,20000
RBR,20091117,.063,.063,.063,.063,31478
RBY,20091117,.011,.014,.011,.014,154013
RCG,20091117,.54,.54,.535,.535,52000
RCI,20091117,.41,.41,.385,.395,744610
RCM,20091117,.065,.065,.065,.065,140295
RCO,20091117,.40,.40,.39,.40,41084
RCP,20091117,.013,.014,.013,.013,1200000
RCR,20091117,1.165,1.165,1.15,1.16,138960
RCT,20091117,2.00,2.00,2.00,2.00,5300
RCU,20091117,.15,.155,.15,.155,93900
RCY,20091117,.20,.205,.185,.185,3785057
RDF,20091117,2.39,2.42,2.38,2.41,19009
RDR,20091117,.52,.52,.49,.51,957444
REA,20091117,8.60,8.70,8.57,8.57,149989
RED,20091117,.145,.145,.135,.14,373396
REF,20091117,.485,.50,.485,.50,121448
REH,20091117,23.01,23.20,22.98,23.16,7375
RER,20091117,.052,.052,.05,.05,50000
RES,20091117,.475,.50,.47,.50,268500
REX,20091117,1.155,1.195,1.155,1.195,57960
REY,20091117,.24,.245,.23,.24,400026
RFE,20091117,.90,.96,.875,.955,458686
RFG,20091117,2.65,2.65,2.60,2.65,341505
RFL,20091117,.093,.093,.093,.093,7518
RFT,20091117,.003,.003,.003,.003,400000
RGD,20091117,.32,.345,.32,.34,174139
RHC,20091117,10.91,10.95,10.85,10.92,249948
RHD,20091117,.39,.39,.39,.39,46000
RHG,20091117,.67,.67,.64,.64,883929
RHI,20091117,2.92,2.92,2.92,2.92,3338
RHL,20091117,2.40,2.40,2.38,2.38,9294
RHM,20091117,.15,.155,.15,.15,255500
RIA,20091117,.125,.14,.12,.14,69417
RIC,20091117,1.06,1.065,1.025,1.05,1823076
RIM,20091117,.02,.021,.02,.021,199257
RIO,20091117,75.00,75.42,73.15,73.40,5539332
RIV,20091117,5.85,5.87,5.71,5.86,627436
RKN,20091117,1.75,1.80,1.735,1.78,30244
RLA,20091117,.015,.015,.015,.015,425000
RMC,20091117,.031,.031,.03,.03,105000
RMD,20091117,5.48,5.49,5.43,5.48,2937983
RMI,20091117,.009,.009,.009,.009,3233333
RML,20091117,.10,.10,.10,.10,57563
RMR,20091117,.027,.037,.027,.036,2840750
RMS,20091117,.46,.47,.46,.465,685584
RMT,20091117,.059,.06,.059,.06,100000
RNG,20091117,.038,.042,.038,.039,44433314
RNY,20091117,.115,.12,.115,.115,110000
ROB,20091117,.017,.017,.017,.017,257186
ROC,20091117,.675,.675,.655,.66,2318832
ROG,20091117,.046,.047,.045,.045,3866485
ROK,20091117,2.50,2.50,2.49,2.49,18289
ROL,20091117,.64,.68,.64,.68,115347
ROY,20091117,.21,.21,.205,.205,310205
RPX,20091117,.90,.90,.90,.90,218000
RRL,20091117,.59,.60,.575,.575,2402250
RRS,20091117,.04,.04,.039,.04,5758328
RSG,20091117,1.10,1.10,1.03,1.035,7010415
RSN,20091117,.005,.006,.005,.005,1454147
RUL,20091117,.87,.87,.845,.85,62903
RVR,20091117,.08,.08,.08,.08,109620
RWD,20091117,.79,.84,.74,.75,273169
RXL,20091117,.027,.027,.025,.025,820000
RXM,20091117,1.90,1.92,1.83,1.835,134875
RZR,20091117,.041,.041,.04,.04,30000
SAE,20091117,.165,.165,.165,.165,509100
SAI,20091117,3.52,3.57,3.52,3.55,47624
SAR,20091117,.35,.38,.35,.375,4297847
SAU,20091117,.14,.145,.135,.135,641847
SAV,20091117,.19,.19,.185,.185,132352
SAY,20091117,.068,.068,.068,.068,123415
SBL,20091117,.04,.04,.037,.037,16924367
SBM,20091117,.36,.365,.345,.35,25368719
SBR,20091117,.43,.455,.42,.42,1274583
SCD,20091117,.57,.57,.55,.55,11010
SDG,20091117,.76,.77,.75,.76,236115
SDI,20091117,.33,.33,.27,.29,234942
SDL,20091117,.155,.155,.15,.15,9364095
SDM,20091117,1.65,1.65,1.615,1.62,342494
SEA,20091117,.12,.12,.11,.11,422100
SEG,20091117,.06,.06,.06,.06,32000
SEH,20091117,.20,.20,.195,.195,53400
SEK,20091117,6.60,6.60,6.28,6.33,775076
SEN,20091117,.08,.08,.078,.08,499650
SER,20091117,.025,.025,.025,.025,50000
SEV,20091117,6.64,6.64,6.55,6.57,269272
SEY,20091117,.145,.145,.145,.145,3626
SFC,20091117,6.17,6.17,6.16,6.16,3000
SFH,20091117,1.185,1.19,1.185,1.185,49341
SFP,20091117,.05,.05,.045,.045,45000
SFR,20091117,4.13,4.20,4.03,4.08,248793
SFY,20091117,47.40,48.19,46.73,46.77,16122
SGH,20091117,1.70,1.71,1.695,1.695,115783
SGM,20091117,22.41,22.56,21.80,22.04,863883
SGN,20091117,.795,.795,.785,.79,570218
SGP,20091117,4.14,4.14,4.01,4.02,7388216
SGT,20091117,2.32,2.32,2.27,2.30,6733637
SGX,20091117,7.96,8.12,7.86,7.86,1680165
SGY,20091117,.105,.105,.095,.105,1012000
SGZ,20091117,.12,.12,.12,.12,288572
SHC,20091117,.041,.043,.041,.043,670000
SHE,20091117,.028,.028,.028,.028,142803
SHL,20091117,14.36,14.40,14.21,14.22,438127
SHV,20091117,3.78,3.78,3.68,3.68,39242
SHX,20091117,.165,.18,.165,.18,739278
SIP,20091117,.995,.995,.975,.98,4433171
SIR,20091117,.009,.009,.008,.008,2848485
SIV,20091117,1.60,1.60,1.585,1.585,6235
SKC,20091117,2.69,2.72,2.61,2.65,416273
SKE,20091117,2.44,2.47,2.34,2.37,197509
SKI,20091117,1.26,1.285,1.225,1.235,3270260
SKT,20091117,3.95,3.95,3.95,3.95,324946
SLA,20091117,.24,.24,.215,.24,1496406
SLF,20091117,8.32,8.39,8.22,8.27,98709
SLM,20091117,3.90,3.97,3.87,3.89,292542
SLR,20091117,1.07,1.08,1.045,1.07,1914818
SLV,20091117,.785,.80,.785,.785,280839
SLX,20091117,7.03,7.07,6.68,6.85,110141
SMA,20091117,.006,.006,.006,.006,317000
SMC,20091117,.024,.024,.023,.023,260000
SMD,20091117,.22,.22,.22,.22,4500
SML,20091117,.02,.02,.019,.019,1232000
SMX,20091117,5.80,5.90,5.77,5.86,277287
SND,20091117,.35,.35,.33,.33,20000
SNU,20091117,.078,.082,.076,.08,708428
SOE,20091117,.105,.105,.10,.10,17570
SOL,20091117,13.10,13.10,13.03,13.05,489000
SOM,20091117,.057,.057,.053,.054,827158
SOO,20091117,.12,.125,.12,.125,222817
SOT,20091117,1.685,1.685,1.66,1.67,824449
SPH,20091117,.88,.925,.88,.90,209401
SPI,20091117,.115,.115,.10,.105,252500
SPN,20091117,.91,.925,.89,.895,4407497
SPQ,20091117,.073,.073,.073,.073,100000
SPT,20091117,2.69,2.70,2.64,2.67,168785
SRH,20091117,.85,.85,.85,.85,15000
SRI,20091117,.12,.125,.115,.115,1379381
SRK,20091117,.805,.82,.775,.775,131792
SRL,20091117,1.705,1.74,1.705,1.72,1873081
SRM,20091117,.075,.075,.075,.075,290000
SRR,20091117,.27,.28,.27,.27,252310
SRV,20091117,3.96,3.96,3.88,3.95,152020
SRX,20091117,6.60,6.80,6.60,6.68,95393
SRZ,20091117,.092,.092,.092,.092,10000
SSC,20091117,.012,.012,.011,.011,533332
SSM,20091117,.395,.40,.39,.40,443466
SSN,20091117,.011,.012,.011,.011,22278705
SSS,20091117,.026,.026,.024,.024,16313692
STB,20091117,.25,.27,.25,.27,632000
STE,20091117,.069,.069,.069,.069,137820
STG,20091117,.045,.045,.042,.045,100600
STI,20091117,.011,.012,.011,.012,2572167
STO,20091117,15.47,15.50,15.16,15.24,1552838
STS,20091117,1.00,1.01,.99,.99,30020
STU,20091117,.545,.59,.545,.58,51486
STW,20091117,45.62,45.62,44.91,44.91,286636
STX,20091117,.29,.295,.28,.285,1160628
STZ,20091117,.07,.07,.07,.07,100000
SUL,20091117,5.90,5.94,5.70,5.74,121190
SUM,20091117,.255,.30,.255,.29,948077
SUN,20091117,9.00,9.02,8.69,8.70,3096366
SUR,20091117,.076,.076,.076,.076,71000
SVL,20091117,.099,.10,.083,.083,100450
SWK,20091117,.59,.59,.57,.575,111390
SWN,20091117,.56,.56,.51,.51,36500
SWW,20091117,.125,.125,.12,.12,970921
SXE,20091117,1.62,1.62,1.55,1.605,33233
SXG,20091117,.087,.087,.085,.087,75131
SXX,20091117,.043,.043,.043,.043,20000
SYM,20091117,.515,.515,.51,.51,22858
SYP,20091117,.03,.03,.03,.03,40000
SYS,20091117,.04,.04,.04,.04,72625
TAH,20091117,7.37,7.39,7.32,7.37,2176738
TAL,20091117,3.15,3.16,3.12,3.14,595166
TAM,20091117,.071,.072,.068,.069,4825484
TAN,20091117,.32,.32,.315,.315,50000
TAP,20091117,1.04,1.045,1.03,1.03,366263
TAS,20091117,.13,.13,.125,.125,72300
TAW,20091117,.017,.017,.014,.014,93000
TBG,20091117,.85,.865,.84,.85,47800
TBR,20091117,.80,.80,.74,.78,45000
TCL,20091117,5.59,5.64,5.52,5.59,2080372
TCM,20091117,.17,.17,.17,.17,10000
TCQ,20091117,.115,.115,.11,.11,534280
TDO,20091117,.265,.27,.265,.265,201849
TDX,20091117,.019,.019,.019,.019,488663
TEL,20091117,2.00,2.01,1.965,1.975,2035791
TEN,20091117,1.545,1.59,1.54,1.575,4378031
TEU,20091117,.12,.12,.12,.12,5426
TEX,20091117,.051,.057,.051,.056,5902402
TEY,20091117,.32,.32,.315,.315,31407
TFC,20091117,.97,1.01,.97,.97,492016
TFS,20091117,.135,.135,.135,.135,13000
TGA,20091117,.935,.98,.925,.93,64452
TGF,20091117,.105,.105,.095,.099,2933998
TGG,20091117,.82,.82,.82,.82,5000
TGP,20091117,.82,.82,.765,.80,77790
TGR,20091117,1.775,1.785,1.76,1.76,148511
TGS,20091117,.18,.18,.17,.175,357055
TGX,20091117,.037,.037,.037,.037,100000
THG,20091117,.37,.38,.37,.37,270563
THO,20091117,.61,.61,.61,.61,4762
THR,20091117,.032,.032,.032,.032,20000
THX,20091117,.56,.57,.53,.535,791108
TLM,20091117,.97,.97,.94,.94,36569
TLS,20091117,3.38,3.38,3.30,3.30,56982938
TLZ,20091117,.145,.145,.145,.145,56313
TMX,20091117,.081,.085,.081,.082,244544
TNE,20091117,.85,.85,.85,.85,82490
TNG,20091117,.078,.078,.078,.078,50000
TOE,20091117,.17,.175,.165,.17,3400084
TOL,20091117,8.59,8.60,8.28,8.33,2509477
TON,20091117,.195,.20,.195,.20,43070
TOX,20091117,2.47,2.47,2.34,2.45,289634
TPC,20091117,.135,.135,.135,.135,18274
TPI,20091117,1.40,1.41,1.365,1.39,1239257
TPL,20091117,.019,.019,.017,.018,2095000
TRF,20091117,.25,.255,.235,.255,1872538
TRG,20091117,5.68,5.70,5.55,5.55,23017
TRH,20091117,.36,.36,.34,.34,23781
TRS,20091117,13.40,13.42,13.22,13.28,54026
TRU,20091117,6.50,6.50,6.36,6.36,5938
TRY,20091117,2.60,2.60,2.49,2.49,106583
TSE,20091117,4.27,4.28,4.16,4.20,906400
TSI,20091117,1.03,1.035,1.02,1.025,188336
TSM,20091117,.75,.76,.745,.755,189375
TSO,20091117,.355,.365,.35,.36,1171474
TSV,20091117,.015,.015,.015,.015,1279392
TTH,20091117,.012,.012,.012,.012,1612
TTI,20091117,.048,.048,.048,.048,223145
TTR,20091117,.06,.06,.06,.06,40000
TTS,20091117,2.47,2.47,2.45,2.46,1733315
TTV,20091117,.058,.06,.058,.059,2213053
TTY,20091117,.22,.225,.215,.215,249687
TUC,20091117,.15,.15,.15,.15,274469
TWD,20091117,2.55,2.55,2.55,2.55,1000
TWO,20091117,1.52,1.52,1.48,1.485,24795
TWR,20091117,1.39,1.39,1.39,1.39,159660
TXN,20091117,.255,.26,.25,.26,211785
TZN,20091117,.80,.81,.79,.79,1042895
UBI,20091117,1.82,1.93,1.81,1.915,62031
UCL,20091117,.008,.008,.008,.008,300000
UEQ,20091117,.175,.185,.165,.17,980000
UGL,20091117,13.96,13.99,13.69,13.76,245618
UMC,20091117,1.265,1.27,1.26,1.265,2976350
UNI,20091117,1.08,1.08,1.00,1.04,1934527
UNX,20091117,.285,.295,.285,.295,80000
UOS,20091117,.225,.225,.225,.225,2401
URA,20091117,.073,.073,.069,.069,258340
URL,20091117,.024,.025,.022,.022,7246700
URM,20091117,.055,.056,.055,.055,277509
USA,20091117,.23,.23,.22,.22,248897
UTO,20091117,.14,.14,.13,.13,165335
UUL,20091117,.21,.29,.21,.23,709078
UXA,20091117,.10,.11,.10,.105,1628500
UXC,20091117,.88,.885,.865,.865,118696
VAS,20091117,62.99,62.99,61.86,61.86,12348
VBA,20091117,.55,.55,.535,.54,9609979
VCN,20091117,.13,.135,.13,.135,856500
VEC,20091117,.086,.086,.086,.086,10000
VES,20091117,.017,.019,.015,.015,124833
VEU,20091117,48.72,48.72,48.39,48.60,8679
VGH,20091117,1.07,1.10,1.07,1.085,117033
VHL,20091117,.054,.054,.053,.053,247000
VIL,20091117,.024,.025,.023,.023,11663497
VIR,20091117,.26,.265,.25,.25,122776
VLA,20091117,.027,.028,.026,.026,1953577
VMG,20091117,.48,.495,.48,.49,525182
VMS,20091117,.41,.41,.365,.365,2816995
VMT,20091117,.16,.16,.155,.16,153650
VNS,20091117,.58,.59,.58,.58,32653
VOR,20091117,.027,.027,.027,.027,345382
VPE,20091117,.36,.365,.355,.355,240046
VPG,20091117,.135,.14,.125,.13,18791178
VRL,20091117,1.81,1.82,1.81,1.815,33384
VSC,20091117,.19,.19,.19,.19,90000
VTA,20091117,11.05,11.12,10.79,11.01,119498
VTG,20091117,.30,.305,.30,.30,103555
VTP,20091117,.94,.94,.94,.94,229144
VTS,20091117,60.07,60.07,59.98,59.99,320
VWM,20091117,.13,.13,.13,.13,4000
VXR,20091117,.087,.087,.084,.084,155000
WAA,20091117,.98,1.00,.98,1.00,19494
WAG,20091117,.007,.007,.007,.007,15384
WAM,20091117,1.29,1.33,1.29,1.32,123277
WAN,20091117,8.30,8.37,8.07,8.11,740200
WAS,20091117,.02,.02,.02,.02,894516
WBA,20091117,.54,.54,.54,.54,5000
WBB,20091117,9.26,9.32,9.18,9.18,7529
WBC,20091117,25.30,25.33,24.60,24.70,13012164
WCB,20091117,2.00,2.00,2.00,2.00,5049
WCL,20091117,.47,.475,.45,.455,184000
WCP,20091117,.11,.115,.105,.11,537146
WCU,20091117,.23,.23,.21,.215,135700
WDC,20091117,12.45,12.45,12.20,12.22,6949569
WDR,20091117,.56,.59,.55,.55,794695
WDS,20091117,1.77,1.775,1.755,1.76,478210
WEB,20091117,1.83,1.85,1.825,1.835,50508
WEC,20091117,2.75,2.80,2.71,2.75,436806
WES,20091117,28.90,29.63,28.83,29.32,4247324
WFL,20091117,.435,.44,.435,.44,55125
WFM,20091117,.033,.033,.033,.033,38616
WGR,20091117,.51,.52,.485,.49,621597
WHC,20091117,4.29,4.42,4.29,4.42,824488
WHE,20091117,.445,.455,.44,.45,593647
WHF,20091117,3.50,3.50,3.50,3.50,800
WHG,20091117,1.06,1.06,1.045,1.05,648545
WHS,20091117,3.30,3.30,3.30,3.30,2830
WIC,20091117,1.08,1.08,1.06,1.08,140239
WIG,20091117,1.60,1.60,1.60,1.60,87411
WIL,20091117,.785,.79,.785,.79,93367
WKR,20091117,.032,.032,.03,.03,250000
WLL,20091117,2.37,2.37,2.37,2.37,14997
WME,20091117,.14,.145,.14,.14,403750
WOR,20091117,27.67,27.84,27.35,27.47,528592
WOT,20091117,.755,.755,.74,.75,338686
WOW,20091117,28.59,28.59,28.31,28.40,2689086
WPG,20091117,.305,.31,.305,.31,8094
WPL,20091117,50.96,51.00,49.60,49.60,1564891
WRK,20091117,.63,.64,.62,.63,773400
WRL,20091117,.14,.14,.14,.14,920008
WRR,20091117,.004,.004,.004,.004,269581
WSA,20091117,5.21,5.37,5.21,5.31,597053
WTF,20091117,6.48,6.52,6.46,6.49,215066
WTN,20091117,.27,.32,.27,.31,1438046
WTP,20091117,1.375,1.38,1.34,1.35,339136
WWA,20091117,2.70,2.70,2.68,2.70,8845
WWI,20091117,.125,.125,.125,.125,41530
WWM,20091117,.08,.08,.08,.08,200000
WWW,20091117,.075,.075,.075,.075,10000
WYL,20091117,1.17,1.225,1.17,1.20,28932
XAF,20091117,4716.60,4716.60,4716.60,4716.60,0
XAO,20091117,4785.50,4817.20,4750.20,4750.20,0
XAT,20091117,473180.00,473180.00,473180.00,473180.00,0
XBW,20091117,449.30,449.30,449.30,449.30,0
XCD,20091117,.03,.03,.03,.03,252185
XDJ,20091117,1653.90,1659.60,1642.80,1647.40,0
XEJ,20091117,16203.00,16397.90,16098.00,16098.00,0
XFJ,20091117,4750.60,4766.70,4663.00,4676.30,0
XFL,20091117,4773.20,4803.90,4730.90,4730.90,0
XGD,20091117,5996.00,5996.00,5996.00,5996.00,0
XHJ,20091117,8465.70,8537.80,8455.80,8478.40,0
XIJ,20091117,644.80,645.80,635.30,636.70,0
XJO,20091117,4768.20,4799.00,4729.40,4729.40,0
XKO,20091117,4769.00,4799.90,4730.30,4730.30,0
XMD,20091117,4372.60,4399.90,4343.50,4353.90,0
XMJ,20091117,12192.30,12329.90,12095.80,12166.70,0
XMM,20091117,4344.50,4344.50,4344.50,4344.50,0
XNJ,20091117,3936.50,3955.80,3869.90,3883.30,0
XPJ,20091117,901.30,909.00,891.80,893.50,0
XRF,20091117,.20,.20,.19,.19,111750
XSJ,20091117,7600.90,7692.20,7599.30,7655.80,0
XSO,20091117,2603.80,2623.80,2585.30,2588.70,0
XST,20091117,.06,.06,.06,.06,0
XTE,20091117,4.90,4.90,4.90,4.90,839
XTJ,20091117,1156.90,1157.10,1131.10,1131.40,0
XTL,20091117,2888.10,2906.80,2862.80,2862.80,0
XTO,20091117,3902.20,3926.90,3869.70,3869.70,0
XUJ,20091117,4247.50,4283.70,4228.10,4269.30,0
XXJ,20091117,5532.00,5549.10,5417.20,5437.10,0
YRR,20091117,.058,.058,.058,.058,20000
YTC,20091117,.23,.24,.23,.235,2732671
ZDX,20091117,.12,.12,.11,.11,195200
ZGL,20091117,.22,.22,.22,.22,10000
ZGM,20091117,.05,.05,.05,.05,167501
ZIM,20091117,11.90,11.90,11.89,11.90,504
ZNC,20091117,.105,.11,.105,.11,227000
