AGLJ69,20170227,.48,.48,.48,.48,200
AGLL39,20170227,.28,.28,.28,.28,50
AGLL49,20170227,.95,.95,.95,.95,43
AGLSS9,20170227,.945,.945,.945,.945,30
AGLU99,20170227,.48,.48,.48,.48,21
AGLVF8,20170227,.26,.26,.26,.26,100
AGLXI9,20170227,.165,.165,.165,.165,40
AMCBW7,20170227,.11,.11,.11,.11,22
AMCC47,20170227,0,0,0,.35,400
AMCTM7,20170227,.185,.185,.185,.185,80
AMCTX7,20170227,.14,.14,.14,.14,50
AMCX57,20170227,0,0,0,.47,400
AMPBL9,20170227,.995,.995,.995,.995,30
AMPCU9,20170227,.08,.08,.08,.08,200
AMPCX8,20170227,.06,.06,.045,.045,800
AMPD18,20170227,.08,.08,.08,.08,54
AMPD78,20170227,.49,.49,.49,.49,200
AMPE18,20170227,1.01,1.01,1.01,1.01,40
AMPRX8,20170227,.075,.075,.075,.075,75
AMPS28,20170227,.125,.155,.125,.15,600
AMPS88,20170227,.48,.48,.48,.48,10
AMPSP7,20170227,.045,.045,.035,.035,500
AMPSQ7,20170227,.245,.245,.22,.22,160
AMPWU8,20170227,.075,.075,.075,.075,100
AMPWV9,20170227,.53,.53,.53,.53,200
AMPXF8,20170227,.145,.145,.135,.135,390
AMPXY8,20170227,.085,.085,.085,.085,80
AMPY18,20170227,.12,.12,.12,.12,20
AMPY28,20170227,.245,.245,.245,.245,150
AMPY38,20170227,.16,.16,.16,.16,750
AMPY48,20170227,.185,.185,.185,.185,150
AMPY58,20170227,.18,.18,.18,.18,150
AMPY68,20170227,.145,.145,.145,.145,450
AMPY98,20170227,.315,.315,.315,.315,200
AMPYN8,20170227,.9,.9,.9,.9,10
AMPZ28,20170227,.17,.17,.17,.17,150
AMPZW8,20170227,.45,.45,.45,.45,120
ANNC47,20170227,0,0,0,1.04,100
ANNC67,20170227,0,0,0,0,100
ANNC97,20170227,.33,.33,.33,.33,10
ANNCJ7,20170227,.055,.055,.055,.055,29
ANNCN7,20170227,.41,.43,.41,.43,32
ANNCS7,20170227,.265,.265,.24,.24,45
ANNDL7,20170227,.14,.14,.14,.14,114
ANNLG7,20170227,1.35,1.35,1.35,1.35,11
ANNLX7,20170227,1.78,1.78,1.78,1.78,7
ANNM77,20170227,1,1,1,1,50
ANNM87,20170227,1.55,1.55,1.55,1.55,1
ANNMA7,20170227,1.17,1.175,1.17,1.175,24
ANZBY9,20170227,.26,.26,.26,.26,20
ANZBZ9,20170227,1.21,1.21,1.21,1.21,15
ANZC29,20170227,.91,.91,.91,.91,11
ANZC39,20170227,.555,.555,.555,.555,300
ANZCS7,20170227,.17,.17,.17,.17,180
ANZCW8,20170227,.19,.19,.19,.19,15
ANZEU9,20170227,.6,.6,.6,.6,5
ANZF19,20170227,0,0,0,0,150
ANZF69,20170227,1.08,1.08,1.08,1.08,10
ANZF79,20170227,.22,.23,.22,.23,535
ANZFR9,20170227,.48,.48,.44,.44,136
ANZFS8,20170227,.45,.46,.45,.46,20
ANZFS9,20170227,.66,.66,.66,.66,500
ANZFY9,20170227,.525,.525,.525,.525,30
ANZFZ9,20170227,1.92,1.92,1.92,1.92,7
ANZIF7,20170227,.5,.5,.5,.5,50
ANZIL9,20170227,.13,.13,.13,.13,200
ANZJ88,20170227,.385,.385,.385,.385,6
ANZJ98,20170227,0,0,0,2.71,150
ANZJO8,20170227,.69,.69,.69,.69,214
ANZJP8,20170227,.41,.41,.365,.38,2426
ANZKK9,20170227,.26,.26,.26,.26,10
ANZLN7,20170227,0,0,0,3.31,5
ANZQC8,20170227,.24,.24,.24,.24,132
ANZQH9,20170227,.84,.84,.84,.84,105
ANZQJ9,20170227,.61,.61,.61,.61,100
ANZTR9,20170227,.45,.45,.45,.45,2
ANZW29,20170227,2.63,2.63,2.63,2.63,50
ANZW47,20170227,.12,.12,.12,.12,5
ANZXL7,20170227,.38,.38,.38,.38,100
ANZXM7,20170227,.075,.075,.075,.075,105
ANZYG7,20170227,0,0,0,0,100
ANZYZ9,20170227,0,0,0,5.32,5
ASXJ28,20170227,.55,.55,.55,.55,50
ASXJZ7,20170227,2.725,2.725,2.715,2.715,22
ASXK17,20170227,1.005,1.005,1.005,1.005,17
ASXK88,20170227,.27,.27,.27,.27,20
ASXRJ7,20170227,1.85,1.85,1.85,1.85,8
ASXS17,20170227,.38,.38,.38,.38,8
AWCC47,20170227,.08,.08,.08,.08,150
AWCCQ8,20170227,.13,.13,.13,.13,153
AWCD67,20170227,0,0,0,.3,74
AWCRR7,20170227,0,0,0,0,74
AWCUM7,20170227,.06,.06,.06,.06,100
AZJK49,20170227,.225,.225,.225,.225,40
AZJWE9,20170227,.6,.6,.6,.6,25
BENJO7,20170227,.59,.59,.59,.59,300
BENN47,20170227,.2,.2,.2,.2,50
BENNU7,20170227,.205,.205,.205,.205,100
BENUZ7,20170227,.175,.175,.175,.175,286
BHPB27,20170227,5.44,5.44,5.44,5.44,5
BHPBT8,20170227,0,0,0,.9,300
BHPC27,20170227,.86,.86,.86,.86,15
BHPC58,20170227,0,0,0,0,60
BHPC78,20170227,.51,.51,.51,.51,12
BHPC88,20170227,.555,.555,.555,.555,20
BHPCI8,20170227,0,0,0,3.55,110
BHPCO9,20170227,1.3,1.36,1.3,1.36,126
BHPCP9,20170227,7.75,7.75,7.75,7.75,22
BHPCR8,20170227,0,0,0,0,360
BHPCR9,20170227,.015,.015,.01,.01,129
BHPCT8,20170227,.01,.02,.01,.02,2200
BHPCU8,20170227,0,0,0,.425,200
BHPD38,20170227,0,0,0,.43,100
BHPD87,20170227,.7,.7,.65,.65,160
BHPDK7,20170227,.38,.38,.38,.38,30
BHPDL7,20170227,.3,.37,.3,.32,316
BHPDM7,20170227,1.94,1.94,1.83,1.83,220
BHPDN7,20170227,.64,.76,.625,.67,1053
BHPDO7,20170227,1.13,1.13,1.13,1.13,30
BHPDQ8,20170227,.26,.31,.26,.31,176
BHPDR8,20170227,.4,.4,.28,.28,320
BHPDT7,20170227,0,0,0,5.68,25
BHPDU7,20170227,0,0,0,.05,20
BHPDV7,20170227,.125,.14,.125,.14,655
BHPDX7,20170227,3.015,3.015,3.015,3.015,30
BHPDY7,20170227,.18,.19,.18,.19,260
BHPE18,20170227,.42,.48,.42,.48,180
BHPE28,20170227,1.43,1.43,1.43,1.43,10
BHPE68,20170227,1.1,1.1,1.1,1.1,10
BHPE98,20170227,.11,.115,.11,.115,399
BHPEF8,20170227,.78,.81,.69,.69,250
BHPEG8,20170227,.75,.75,.75,.75,20
BHPEH8,20170227,.23,.23,.16,.16,255
BHPEP8,20170227,.08,.1,.065,.065,229
BHPEV8,20170227,2.39,2.39,2.39,2.39,200
BHPEW8,20170227,4.65,4.65,4.65,4.65,74
BHPF38,20170227,1.64,1.68,1.64,1.68,57
BHPFH8,20170227,0,0,0,0,180
BHPFI7,20170227,.58,.61,.58,.61,190
BHPFJ7,20170227,0,0,0,.72,50
BHPFR9,20170227,.175,.175,.16,.17,265
BHPFS9,20170227,3.55,3.55,3.55,3.55,20
BHPG27,20170227,1.68,1.68,1.68,1.68,20
BHPGN9,20170227,.13,.13,.13,.13,25
BHPGP8,20170227,0,0,0,0,103
BHPGU8,20170227,0,0,0,0,60
BHPIH8,20170227,.275,.275,.275,.275,150
BHPIS8,20170227,0,0,0,.645,300
BHPIU7,20170227,1.77,1.77,1.77,1.77,20
BHPIZ7,20170227,1.8,1.8,1.8,1.8,300
BHPJ29,20170227,4.7,4.7,4.7,4.7,10
BHPJ38,20170227,0,0,0,0,60
BHPJE8,20170227,.135,.155,.125,.125,330
BHPJI7,20170227,.055,.055,.055,.055,100
BHPK29,20170227,4.36,4.36,4.36,4.36,70
BHPK39,20170227,.36,.36,.36,.36,30
BHPKT8,20170227,.42,.42,.42,.42,400
BHPKY8,20170227,.06,.06,.06,.06,10
BHPLD7,20170227,0,0,0,0,300
BHPLO7,20170227,5.955,5.955,5.955,5.955,50
BHPLZ8,20170227,.04,.08,.04,.08,410
BHPM38,20170227,.55,.55,.49,.51,1350
BHPM58,20170227,.41,.41,.35,.35,320
BHPMG8,20170227,.52,.52,.52,.52,50
BHPMN7,20170227,1.84,1.84,1.84,1.84,17
BHPMO7,20170227,0,0,0,.9,100
BHPMQ7,20170227,0,0,0,1.42,265
BHPMT8,20170227,0,0,0,0,232
BHPMX9,20170227,0,0,0,0,160
BHPMY9,20170227,.69,.69,.69,.69,25
BHPN29,20170227,0,0,0,2.63,41
BHPN49,20170227,1.76,1.76,1.76,1.76,10
BHPN59,20170227,0,0,0,1.11,332
BHPN89,20170227,1.28,1.28,1.28,1.28,20
BHPN98,20170227,3.36,3.36,3.36,3.36,10
BHPNL8,20170227,0,0,0,0,15
BHPNM9,20170227,.95,.95,.95,.95,100
BHPNN9,20170227,0,0,0,1.85,100
BHPNO9,20170227,.76,.76,.745,.745,46
BHPNQ7,20170227,1.89,1.89,1.89,1.89,445
BHPNR9,20170227,.62,.62,.595,.595,64
BHPNT9,20170227,.46,.46,.46,.46,4
BHPNV9,20170227,.4,.4,.4,.4,4
BHPNZ7,20170227,.09,.1,.09,.1,60
BHPQ28,20170227,.38,.38,.38,.38,20
BHPQ69,20170227,.56,.56,.56,.56,10
BHPQ88,20170227,.48,.48,.48,.48,80
BHPQP7,20170227,1.4,1.4,1.4,1.4,80
BHPQR8,20170227,.18,.18,.18,.18,30
BHPR28,20170227,.33,.33,.28,.28,130
BHPSG9,20170227,0,0,0,.45,100
BHPSN8,20170227,.34,.34,.34,.34,480
BHPSO8,20170227,1.9,1.9,1.86,1.86,460
BHPT19,20170227,0,0,0,3.675,230
BHPT39,20170227,0,0,0,2.78,5
BHPT69,20170227,.3,.3,.26,.26,80
BHPTH9,20170227,0,0,0,.9,50
BHPTI9,20170227,.3,.3,.3,.3,20
BHPTM8,20170227,0,0,0,.18,400
BHPTO8,20170227,.24,.24,.24,.24,900
BHPTS8,20170227,.38,.38,.38,.38,10
BHPTT8,20170227,0,0,0,2.26,160
BHPTU8,20170227,.46,.46,.46,.46,20
BHPTV8,20170227,2.1,2.1,2.1,2.1,10
BHPTW8,20170227,.645,.645,.645,.645,761
BHPTZ8,20170227,0,0,0,1.65,41
BHPTZ9,20170227,1.335,1.335,1.335,1.335,10
BHPU18,20170227,1.02,1.02,.96,.96,450
BHPU38,20170227,1.28,1.28,1.28,1.28,80
BHPU48,20170227,.88,.94,.88,.94,50
BHPU88,20170227,.56,.56,.56,.56,20
BHPUA9,20170227,1.9,1.9,1.9,1.9,152
BHPUX9,20170227,.55,.55,.49,.49,63
BHPV19,20170227,0,0,0,1.1,10
BHPVB9,20170227,1.36,1.38,1.36,1.38,80
BHPVD7,20170227,.285,.285,.285,.285,45
BHPVE7,20170227,2.81,2.81,2.81,2.81,7
BHPVT8,20170227,3.7,3.7,3.7,3.7,6
BHPW87,20170227,1.935,1.935,1.935,1.935,2
BHPWE8,20170227,0,0,0,2.4,30
BHPWF8,20170227,0,0,0,.24,225
BHPWL7,20170227,.43,.505,.43,.505,375
BHPX87,20170227,.85,.855,.85,.855,80
BHPX97,20170227,.85,.85,.85,.85,300
BHPXG8,20170227,.31,.315,.31,.315,600
BHPXV7,20170227,.19,.225,.19,.22,1411
BHPXW7,20170227,2.15,2.15,2.15,2.15,5
BHPXZ8,20170227,2.925,2.925,2.925,2.925,10
BHPY38,20170227,0,0,0,3.83,60
BHPY58,20170227,.76,.76,.76,.76,100
BHPY67,20170227,.2,.2,.2,.2,80
BHPY88,20170227,0,0,0,2.72,103
BHPY99,20170227,0,0,0,4.22,45
BHPYI9,20170227,.065,.065,.065,.065,500
BLDL79,20170227,.22,.26,.22,.26,409
BLDL89,20170227,.1,.1,.1,.1,20
BLDR28,20170227,.12,.12,.12,.12,30
BLDYD8,20170227,.065,.095,.065,.095,300
BOQC88,20170227,.17,.17,.17,.17,47
BOQC98,20170227,.5,.5,.5,.5,50
BOQNL7,20170227,.25,.25,.225,.225,40
BOQNV7,20170227,.145,.145,.125,.125,60
BOQPL7,20170227,.19,.19,.19,.19,40
BOQPO7,20170227,.035,.035,.035,.035,20
BSLFG7,20170227,0,0,0,0,50
BSLFQ7,20170227,3.37,3.37,3.37,3.37,48
BSLJH7,20170227,.29,.29,.29,.29,269
BSLKQ7,20170227,.225,.23,.225,.23,94
BSLNY7,20170227,0,0,0,1.245,72
BSLP17,20170227,.65,.65,.65,.65,17
BSLP79,20170227,.04,.04,.04,.04,250
BSLQA9,20170227,0,0,0,0,50
BSLS67,20170227,0,0,0,0,36
BXBBK9,20170227,0,0,0,.34,30
BXBCV9,20170227,.22,.22,.22,.22,100
BXBCW9,20170227,.5,.5,.5,.5,21
BXBFQ9,20170227,1.2,1.2,1.2,1.2,70
BXBJ79,20170227,0,0,0,.55,30
BXBJJ9,20170227,.14,.15,.14,.15,150
BXBJY9,20170227,.39,.39,.39,.39,15
BXBKU9,20170227,.86,.86,.86,.86,50
BXBKY9,20170227,.48,.48,.48,.48,10
BXBL29,20170227,.11,.11,.11,.11,210
BXBL79,20170227,1.08,1.08,1.08,1.08,80
BXBQS9,20170227,1.8,1.8,1.8,1.8,9
BXBWL7,20170227,.015,.015,.015,.015,150
BXBWN7,20170227,.195,.195,.195,.195,20
BXBWO7,20170227,.41,.41,.41,.41,60
BXBX37,20170227,.2,.2,.2,.2,20
BXBXV8,20170227,.13,.13,.075,.075,335
CBAEN7,20170227,2.4,2.4,2.4,2.4,20
CBAER7,20170227,.37,.37,.33,.33,282
CBAES7,20170227,3.2,3.2,3.2,3.2,20
CBAF48,20170227,32.575,32.61,32.575,32.61,90
CBAIH9,20170227,1.25,1.25,1.25,1.25,19
CBAII9,20170227,2.07,2.11,1.895,1.895,527
CBAIJ9,20170227,1.46,1.515,1.46,1.515,28
CBAIK9,20170227,1.55,1.55,1.4,1.4,19
CBAIL9,20170227,2.12,2.12,2.12,2.12,20
CBAIM9,20170227,1.16,1.16,.98,.98,94
CBAJ89,20170227,.05,.05,.05,.05,20
CBAJA8,20170227,26.66,26.66,26.66,26.66,20
CBAJB8,20170227,25.665,25.665,25.665,25.665,20
CBAJE8,20170227,22.745,22.745,22.745,22.745,20
CBAJG9,20170227,3.35,3.35,3.35,3.35,40
CBAJJ8,20170227,31.585,31.585,31.585,31.585,20
CBAJQ9,20170227,.32,.32,.32,.32,20
CBAL88,20170227,0,0,0,2.95,20
CBALF7,20170227,0,0,0,.35,200
CBALG7,20170227,.73,.82,.73,.82,115
CBALH7,20170227,0,0,0,3.21,20
CBALJ7,20170227,1.2,1.2,1.2,1.2,5
CBALK7,20170227,3,3,3,3,15
CBALL7,20170227,.34,.34,.34,.34,15
CBALN7,20170227,3.65,3.65,3.65,3.65,30
CBALW8,20170227,.88,.88,.88,.88,3
CBAM49,20170227,4.44,4.44,4.44,4.44,10
CBAMB8,20170227,24.675,24.675,24.675,24.675,20
CBAMP9,20170227,.47,.47,.45,.47,243
CBAMR9,20170227,.9,.9,.9,.9,50
CBAN49,20170227,.32,.32,.32,.32,100
CBAPW7,20170227,1.5,1.515,1.5,1.515,64
CBAPY8,20170227,.55,.55,.55,.55,200
CBAPZ8,20170227,.35,.51,.35,.46,700
CBAQ28,20170227,.19,.19,.19,.19,252
CBAQ78,20170227,.3,.3,.17,.2,637
CBAQ88,20170227,.8,.8,.8,.8,210
CBAQ98,20170227,.08,.08,.08,.08,500
CBAQB9,20170227,16.9,16.9,16.9,16.9,20
CBAQK8,20170227,0,0,0,0,100
CBAQR7,20170227,35.535,35.535,35.535,35.535,20
CBARI8,20170227,.56,.56,.465,.5,202
CBARJ8,20170227,0,0,0,.6,2
CBARK8,20170227,.185,.185,.185,.185,100
CBARR8,20170227,.62,.73,.605,.73,60
CBART8,20170227,0,0,0,0,10
CBAS57,20170227,1.86,1.99,1.86,1.99,65
CBAS59,20170227,0,0,0,.11,100
CBAS79,20170227,.35,.39,.32,.39,110
CBAS89,20170227,1.07,1.1,.88,.9,420
CBAT28,20170227,9.35,9.35,9.35,9.35,1
CBATI8,20170227,2.23,2.23,2.23,2.23,25
CBATI9,20170227,1.515,1.6,1.515,1.6,20
CBATL9,20170227,2,2,2,2,10
CBATM9,20170227,.7,.85,.7,.85,337
CBATO7,20170227,1.1,1.1,1.1,1.1,30
CBATR8,20170227,4.12,4.12,4.12,4.12,15
CBATY7,20170227,.08,.08,.08,.08,96
CBAU17,20170227,.22,.255,.22,.245,251
CBAUD7,20170227,.44,.585,.44,.585,323
CBAV19,20170227,0,0,0,.85,200
CBAV29,20170227,1.05,1.05,1,1,220
CBAV39,20170227,1.8,1.8,1.8,1.8,15
CBAVA9,20170227,0,0,0,.82,200
CBAVC8,20170227,1.94,1.94,1.94,1.94,500
CBAVK7,20170227,1.65,1.65,1.65,1.65,240
CBAVL7,20170227,1.15,1.22,1.11,1.22,55
CBAVL9,20170227,0,0,0,.245,150
CBAVM7,20170227,.65,.65,.53,.55,320
CBAVO9,20170227,5.9,5.9,5.9,5.9,50
CBAVP7,20170227,2.32,2.35,2.32,2.35,60
CBAWS8,20170227,0,0,0,0,1
CBAXP8,20170227,.24,.27,.24,.27,200
CBAXR8,20170227,.34,.34,.34,.34,60
CBAXT8,20170227,0,0,0,.37,100
CBAXV8,20170227,.71,.71,.71,.71,100
CBAXW8,20170227,3.23,3.23,3.23,3.23,20
CBAXY8,20170227,.87,.87,.87,.87,200
CBAYJ7,20170227,.24,.24,.19,.19,101
CCLEL9,20170227,.7,.7,.7,.7,30
CCLKC9,20170227,.5,.5,.5,.5,25
CCLKO7,20170227,.29,.29,.29,.29,22
CCLNR7,20170227,.88,.88,.88,.88,41
CCLQY7,20170227,.09,.09,.09,.09,150
CCLSE7,20170227,0,0,0,0,20
CCLUR9,20170227,0,0,0,2.535,20
CCLXF9,20170227,.525,.525,.525,.525,50
CCLXK9,20170227,1.12,1.12,1.12,1.12,45
CPUB58,20170227,.235,.235,.235,.235,33
CPUYE9,20170227,.65,.65,.65,.65,15
CSLE78,20170227,.62,.62,.55,.55,225
CSLEX8,20170227,15.3,15.3,15.3,15.3,2
CSLF28,20170227,2.855,2.855,2.855,2.855,5
CSLFI8,20170227,0,0,0,0,475
CSLFJ8,20170227,0,0,0,0,475
CSLFR7,20170227,8.3,8.3,8.3,8.3,1
CSLGT8,20170227,0,0,0,3.58,60
CSLGU8,20170227,3,3,3,3,2
CSLGW8,20170227,1.4,1.4,1.4,1.4,65
CSLGX8,20170227,.92,.92,.92,.92,13
CSLI28,20170227,.42,.42,.4,.4,200
CSLIF7,20170227,10,10,10,10,1
CSLIL9,20170227,.15,.15,.15,.15,100
CSLL77,20170227,0,0,0,.35,30
CSLLP7,20170227,0,0,0,.825,30
CSLN67,20170227,1.95,1.95,1.95,1.95,20
CSLNW9,20170227,4.96,4.96,4.96,4.96,20
CSLQH7,20170227,.735,.735,.735,.735,25
CSLQK7,20170227,1.25,1.25,1.2,1.2,150
CSLQS8,20170227,0,0,0,.195,100
CSLQV8,20170227,0,0,0,8.5,51
CSLR58,20170227,0,0,0,1.35,100
CSLS89,20170227,1.15,1.205,1.15,1.205,55
CSLT29,20170227,0,0,0,0,51
CSLTW8,20170227,2.35,2.35,2.35,2.35,150
CSLTX8,20170227,3,3,3,3,50
CSLYS7,20170227,1.45,1.65,1.4,1.4,310
CSLYV7,20170227,6.265,6.265,6.265,6.265,25
CSRI17,20170227,.255,.255,.255,.255,60
CTXQC8,20170227,.31,.31,.31,.31,30
CTXRL8,20170227,0,0,0,.23,30
CTXRV8,20170227,0,0,0,.75,40
CTXS48,20170227,0,0,0,2.1,40
CTXT58,20170227,0,0,0,.255,30
CTXUA8,20170227,.68,.68,.68,.68,8
CTXV78,20170227,.3,.3,.3,.3,5
CWNB57,20170227,2.8,2.8,2.8,2.8,5
CWNFI7,20170227,0,0,0,0,55
CWNFT9,20170227,.555,.555,.555,.555,85
CWNFW9,20170227,.04,.04,.04,.04,50
CWNG69,20170227,1.115,1.115,1.115,1.115,10
CWNGY9,20170227,.44,.44,.44,.44,8
CWNLG7,20170227,.08,.08,.07,.07,60
CWNLW7,20170227,.66,.66,.66,.66,20
CWNLY7,20170227,.86,.86,.86,.86,45
CWNM37,20170227,2.25,2.25,2.25,2.25,60
CWNMB9,20170227,.28,.28,.28,.28,100
CWNMC7,20170227,.09,.09,.09,.09,26
CWNME9,20170227,.31,.31,.31,.31,8
CWNN67,20170227,.27,.27,.27,.27,83
CWNNL7,20170227,.385,.385,.385,.385,45
CWNNM7,20170227,.6,.6,.6,.6,5
CWNQI7,20170227,0,0,0,0,55
CWNQX7,20170227,1.41,1.41,1.41,1.41,100
CWNR67,20170227,1.695,1.695,1.695,1.695,100
CWNRL7,20170227,.54,.54,.5,.5,42
CWNRP7,20170227,.19,.19,.185,.185,150
CWNS29,20170227,.035,.035,.035,.035,100
CWNS49,20170227,.6,.6,.6,.6,4
CWNSC9,20170227,.36,.36,.28,.28,68
CWNSU9,20170227,.785,.785,.785,.785,100
CWNSW9,20170227,2.25,2.25,2.25,2.25,5
CWNSX7,20170227,1.395,1.395,1.395,1.395,35
CWNT87,20170227,0,0,0,.275,45
CWNTB7,20170227,.26,.26,.26,.26,40
CWNTI7,20170227,0,0,0,.4,110
CWNTN7,20170227,.615,.615,.615,.615,150
CWNV27,20170227,0,0,0,0,25
CYBEQ8,20170227,0,0,0,0,8
CYBGM8,20170227,.015,.015,.015,.015,1325
CYBN68,20170227,.18,.18,.18,.18,100
CYBQ27,20170227,.175,.175,.175,.175,99
CYBQ57,20170227,.045,.045,.04,.04,140
CYBQL7,20170227,.015,.015,.015,.015,800
CYBQU7,20170227,.235,.235,.235,.235,58
FLTM79,20170227,.11,.11,.11,.11,180
FLTN29,20170227,.33,.33,.33,.33,61
FLTPT9,20170227,.65,.65,.65,.65,50
FLTQT9,20170227,.39,.39,.39,.39,10
FLTQV9,20170227,.57,.58,.57,.58,20
FLTQX9,20170227,.93,.93,.93,.93,10
FLTY49,20170227,.4,.4,.4,.4,4
FMGBX8,20170227,.105,.14,.095,.13,1955
FMGC29,20170227,.16,.16,.16,.16,358
FMGC47,20170227,.145,.145,.145,.145,87
FMGC49,20170227,.21,.21,.21,.21,342
FMGC89,20170227,.345,.345,.345,.345,45
FMGC99,20170227,0,0,0,1.02,50
FMGCG9,20170227,0,0,0,.5,100
FMGCH9,20170227,.64,.64,.64,.64,200
FMGCI9,20170227,.35,.35,.35,.35,45
FMGCR8,20170227,0,0,0,0,240
FMGCW9,20170227,.265,.3,.265,.3,450
FMGD68,20170227,.44,.44,.44,.44,14
FMGG89,20170227,0,0,0,0,500
FMGI37,20170227,0,0,0,0,800
FMGIU7,20170227,.325,.325,.325,.325,400
FMGLL7,20170227,.22,.22,.22,.22,10
FMGLP7,20170227,.47,.47,.47,.47,10
FMGMU7,20170227,0,0,0,0,14
FMGN28,20170227,.42,.42,.41,.41,140
FMGNK7,20170227,.14,.14,.14,.14,1
FMGNO8,20170227,.06,.06,.06,.06,110
FMGNY7,20170227,0,0,0,.045,100
FMGQF7,20170227,.07,.07,.07,.07,10
FMGQO8,20170227,0,0,0,.545,80
FMGQP7,20170227,.14,.14,.14,.14,10
FMGQR8,20170227,.43,.45,.43,.45,55
FMGQS8,20170227,.32,.32,.32,.32,50
FMGQT8,20170227,.68,.68,.545,.545,200
FMGQV8,20170227,.73,.73,.73,.73,100
FMGR57,20170227,.025,.025,.025,.025,1000
FMGRS7,20170227,.35,.35,.35,.35,100
FMGS57,20170227,.1,.1,.1,.1,173
FMGSD7,20170227,0,0,0,.1,500
FMGSD8,20170227,.12,.12,.12,.12,100
FMGSE8,20170227,.965,.965,.965,.965,150
FMGSJ9,20170227,0,0,0,0,60
FMGT67,20170227,0,0,0,0,50
FMGTB9,20170227,.24,.38,.24,.38,200
FMGTF8,20170227,1.25,1.25,1.08,1.08,400
FMGTG9,20170227,0,0,0,.72,80
FMGTI8,20170227,.225,.27,.215,.27,1770
FMGUD9,20170227,0,0,0,0,500
FMGUZ7,20170227,1.75,1.75,1.75,1.75,330
FMGVQ7,20170227,0,0,0,.72,70
FMGVR7,20170227,.305,.305,.305,.305,90
FMGVZ7,20170227,0,0,0,0,120
FMGWE9,20170227,0,0,0,0,14
FMGX47,20170227,.25,.35,.25,.33,2091
FMGX57,20170227,.42,.45,.33,.35,2110
FMGX88,20170227,0,0,0,0,696
FMGXM8,20170227,0,0,0,3.34,104
FMGYR7,20170227,.16,.23,.14,.21,810
FMGYS7,20170227,.51,.51,.51,.51,20
FMGYT7,20170227,.45,.45,.44,.44,184
FXJI98,20170227,.015,.015,.015,.015,130
FXJXT8,20170227,.175,.175,.175,.175,1652
GPTEO9,20170227,.14,.14,.14,.14,12
GPTG88,20170227,.05,.05,.05,.05,100
HVNP39,20170227,.13,.13,.13,.13,13
HVNP49,20170227,.24,.24,.24,.24,10
IAGCF9,20170227,0,0,0,.23,200
IAGDT9,20170227,0,0,0,.15,15
IAGEJ9,20170227,0,0,0,0,40
IAGF19,20170227,0,0,0,.21,200
IAGF59,20170227,.095,.095,.095,.095,166
IAGFW9,20170227,0,0,0,.195,65
IAGJ58,20170227,0,0,0,.09,40
IAGJ68,20170227,.12,.12,.12,.12,100
IAGJC8,20170227,.46,.46,.46,.46,30
IAGJF9,20170227,.295,.295,.295,.295,275
IAGJG9,20170227,0,0,0,.13,65
IAGTE8,20170227,0,0,0,.265,15
IFLBX9,20170227,.11,.115,.105,.11,245
IFLG49,20170227,.31,.31,.31,.31,30
IFLMM9,20170227,.22,.22,.22,.22,1
IFLXM9,20170227,.385,.385,.385,.385,50
IFLXQ9,20170227,.155,.155,.15,.15,238
ILUK47,20170227,.21,.21,.21,.21,200
ILUK97,20170227,.18,.18,.18,.18,12
ILURX9,20170227,.3,.3,.3,.3,25
ILURY9,20170227,.21,.21,.21,.21,30
ILUSH9,20170227,0,0,0,.62,5
ILUT27,20170227,.9,.9,.9,.9,30
ILUXW8,20170227,0,0,0,.31,5
IPLLB9,20170227,.1,.1,.1,.1,200
JHXD49,20170227,.84,.84,.84,.84,35
JHXKX9,20170227,.345,.345,.345,.345,59
JHXKZ9,20170227,.265,.265,.265,.265,100
JHXL29,20170227,.18,.18,.18,.18,100
JHXN49,20170227,.54,.54,.535,.535,962
JHXUS8,20170227,.49,.52,.485,.52,70
JHXUX8,20170227,.295,.295,.28,.28,117
JHXUY8,20170227,.19,.19,.19,.19,80
JHXV48,20170227,.185,.185,.185,.185,45
JHXV68,20170227,.045,.045,.045,.045,20
JHXVD8,20170227,.34,.34,.34,.34,50
JHXVF8,20170227,.755,.755,.755,.755,25
LLCB17,20170227,.17,.185,.17,.185,340
LLCBV7,20170227,1.04,1.04,1.04,1.04,84
LLCCZ7,20170227,.2,.2,.2,.2,25
LLCIL9,20170227,.12,.13,.12,.13,600
LLCIN9,20170227,0,0,0,.135,700
LLCIO9,20170227,.72,.72,.72,.72,225
LLCJ97,20170227,0,0,0,0,2300
LLCJ99,20170227,15.13,15.13,15.02,15.02,1025
LLCQW9,20170227,0,0,0,.15,50
LLCRG8,20170227,0,0,0,.125,200
LLCRI8,20170227,.015,.015,.015,.015,50
LLCRK8,20170227,0,0,0,.36,2250
LLCRM8,20170227,0,0,0,.13,1100
LLCRO8,20170227,.095,.095,.085,.085,150
LLCRT8,20170227,.52,.53,.47,.53,520
LLCRU8,20170227,.425,.425,.425,.425,20
LLCTM8,20170227,0,0,0,.105,200
LLCY39,20170227,.03,.03,.03,.03,55
LLCYH9,20170227,0,0,0,0,150
LLCYP9,20170227,.27,.27,.27,.27,25
LLCYQ9,20170227,.78,.78,.78,.78,150
LLCYR9,20170227,0,0,0,0,150
LLCZM9,20170227,.11,.12,.11,.12,600
LLCZO9,20170227,.16,.17,.155,.165,350
MPLKQ9,20170227,.5,.5,.5,.5,30
MPLQ79,20170227,.04,.04,.04,.04,1800
MPLW28,20170227,0,0,0,.06,277
MPLW38,20170227,0,0,0,.11,277
MQGCH9,20170227,2.7,2.7,2.7,2.7,10
MQGCN9,20170227,4.68,4.68,4.68,4.68,10
MQGDK7,20170227,0,0,0,.34,5
MQGDS8,20170227,0,0,0,.18,300
MQGGP9,20170227,0,0,0,0,5
MQGIL9,20170227,0,0,0,2.5,5
MQGIO8,20170227,8,8,8,8,1
MQGKA8,20170227,.4,.4,.4,.4,235
MQGKV8,20170227,10.2,10.2,10.2,10.2,1
MQGLX8,20170227,.16,.16,.16,.16,20
MQGLZ8,20170227,.195,.195,.195,.195,30
MQGM98,20170227,7.82,7.82,7.82,7.82,28
MQGMB8,20170227,6.95,6.95,6.95,6.95,31
MQGNP9,20170227,2.92,2.92,2.92,2.92,1
MQGSX7,20170227,0,0,0,0,3
MQGT87,20170227,0,0,0,2.715,5
MQGT97,20170227,1.09,1.09,1.09,1.09,15
MQGUG8,20170227,0,0,0,2.26,50
MQGUI8,20170227,.82,.82,.82,.82,7
MQGUJ8,20170227,.62,.65,.62,.64,150
MQGVG7,20170227,.24,.24,.23,.23,620
MQGVH7,20170227,1.8,2.05,1.8,2.05,410
MQGVJ7,20170227,1.66,1.66,1.66,1.66,25
MQGVK7,20170227,2,2,1.8,1.8,400
MQGVM7,20170227,1.48,1.48,1.45,1.45,158
MQGVR7,20170227,0,0,0,3.2,3
MQGVS7,20170227,.41,.41,.41,.41,410
MQGXY8,20170227,0,0,0,1.05,375
MQGY27,20170227,1.31,1.31,1.2,1.2,6
MQGY37,20170227,2.25,2.33,2.25,2.33,160
MQGY38,20170227,.41,.41,.41,.41,410
MQGYU7,20170227,.595,.7,.595,.7,30
MQGYV7,20170227,3.98,3.98,3.88,3.88,20
MQGZE8,20170227,2.9,2.9,2.9,2.9,3
MQGZM7,20170227,.34,.34,.31,.31,180
MQGZT7,20170227,.96,.96,.96,.96,25
MTSPV7,20170227,.13,.14,.13,.14,50
MTSPZ7,20170227,.05,.05,.05,.05,23
MYRBQ7,20170227,.02,.02,.02,.02,199
MYRLS7,20170227,.065,.065,.065,.065,75
MYRYN7,20170227,.045,.045,.045,.045,450
NABBG7,20170227,4.235,4.235,4.235,4.235,10
NABCQ9,20170227,1.54,1.54,1.54,1.54,500
NABCV8,20170227,.24,.24,.19,.19,200
NABCW8,20170227,.2,.2,.2,.2,108
NABCX8,20170227,1,1,1,1,10
NABCY8,20170227,0,0,0,2.25,213
NABER9,20170227,.58,.58,.58,.58,500
NABFY8,20170227,0,0,0,.43,22
NABG89,20170227,2.66,2.66,2.66,2.66,14
NABI18,20170227,0,0,0,1.08,213
NABI78,20170227,0,0,0,.28,22
NABK39,20170227,3.6,3.6,3.6,3.6,7
NABKR7,20170227,8.11,8.11,7.95,7.95,28
NABLQ9,20170227,3.78,3.78,3.78,3.78,2
NABM88,20170227,.16,.2,.16,.2,102
NABM98,20170227,1.14,1.14,1.14,1.14,40
NABMA8,20170227,.32,.32,.32,.32,20
NABNP9,20170227,.1,.1,.1,.1,23
NABNR9,20170227,.32,.32,.32,.32,40
NABNS9,20170227,.31,.31,.31,.31,66
NABNT9,20170227,.96,.96,.96,.96,20
NABPW8,20170227,.1,.1,.1,.1,62
NABQS8,20170227,.22,.225,.22,.225,72
NABQY8,20170227,.35,.35,.35,.35,10
NABSE9,20170227,1,1,1,1,10
NABT79,20170227,.52,.6,.52,.6,58
NABT89,20170227,0,0,0,.44,50
NABTA9,20170227,.55,.55,.55,.55,20
NABTC9,20170227,.22,.22,.22,.22,35
NABUD9,20170227,.03,.03,.03,.03,228
NABWK8,20170227,.705,.705,.705,.705,25
NABWU7,20170227,.05,.05,.05,.05,25
NABX97,20170227,.34,.34,.34,.34,4
NABYM9,20170227,0,0,0,0,300
NABYQ9,20170227,0,0,0,0,300
NABZR8,20170227,.37,.39,.37,.39,172
NABZU8,20170227,.27,.27,.27,.27,48
NCMBU7,20170227,.15,.15,.15,.15,200
NCMCY9,20170227,3.5,3.5,3.5,3.5,50
NCMCZ9,20170227,.11,.11,.11,.11,320
NCME59,20170227,1.08,1.08,1.08,1.08,5
NCMEJ8,20170227,0,0,0,5,60
NCMF49,20170227,.2,.25,.2,.25,75
NCMFF7,20170227,0,0,0,1.87,750
NCMFG7,20170227,2.025,2.025,2.025,2.025,775
NCMFL8,20170227,.705,.71,.705,.71,126
NCMFP7,20170227,0,0,0,0,60
NCMFX7,20170227,3.27,3.27,3.27,3.27,140
NCMIP7,20170227,1.305,1.305,1.305,1.305,95
NCMIT8,20170227,1.875,1.875,1.875,1.875,3
NCMIU8,20170227,.8,.8,.8,.8,12
NCMIY8,20170227,0,0,0,1.08,50
NCMIZ8,20170227,1.045,1.045,1.045,1.045,100
NCMJ48,20170227,0,0,0,1,660
NCMJV8,20170227,.36,.36,.36,.36,100
NCMKG8,20170227,1.17,1.17,1.17,1.17,50
NCMKM8,20170227,.235,.235,.235,.235,27
NCMLO8,20170227,1.28,1.28,1.28,1.28,15
NCMMG8,20170227,.27,.27,.27,.27,20
NCMMW8,20170227,1.35,1.35,1.35,1.35,5
NCMNM8,20170227,2.07,2.07,2.07,2.07,10
NCMNT9,20170227,.42,.5,.42,.44,359
NCMP18,20170227,.2,.2,.2,.2,20
NCMQ98,20170227,.69,.69,.69,.69,20
NCMQC8,20170227,.88,.88,.88,.88,15
NCMQD7,20170227,.385,.385,.385,.385,20
NCMR68,20170227,1.1,1.1,1.1,1.1,50
NCMR97,20170227,12.73,12.73,12.73,12.73,5
NCMRG8,20170227,.32,.32,.32,.32,34
NCMRR9,20170227,.08,.08,.08,.08,78
NCMS58,20170227,.25,.25,.25,.25,40
NCMSJ9,20170227,.36,.36,.36,.36,274
NCMUW9,20170227,.64,.64,.64,.64,105
NCMVS9,20170227,0,0,0,1.17,180
NCMVT9,20170227,.86,.88,.86,.88,530
NCMVU9,20170227,.65,.66,.615,.63,460
NCMWB9,20170227,.57,.57,.46,.46,345
NCMWC9,20170227,1.38,1.38,1.38,1.38,40
NCMX69,20170227,.41,.41,.31,.33,351
NCMX89,20170227,.3,.3,.22,.22,241
NCMYA8,20170227,2.35,2.35,2.35,2.35,8
ORGDM8,20170227,0,0,0,.2,20
ORGDN8,20170227,.51,.51,.48,.48,20
ORGDW8,20170227,.25,.25,.25,.25,140
ORGDX8,20170227,.22,.22,.2,.2,100
ORGEN9,20170227,.74,.74,.74,.74,50
ORGEO9,20170227,.06,.06,.06,.06,300
ORGFG9,20170227,.36,.36,.36,.36,100
ORGGP7,20170227,2.89,2.89,2.89,2.89,10
ORGI49,20170227,0,0,0,0,15
ORGIN9,20170227,.055,.055,.055,.055,7
ORGNL9,20170227,0,0,0,.77,25
ORGRV8,20170227,.79,.79,.79,.79,50
ORGS18,20170227,.415,.415,.415,.415,50
ORGU29,20170227,.08,.08,.08,.08,50
ORGU69,20170227,3.44,3.44,3.44,3.44,7
ORGUA9,20170227,.67,.67,.67,.67,10
ORGW89,20170227,0,0,0,.33,25
ORGWE9,20170227,.35,.35,.35,.35,20
ORGWF9,20170227,.28,.28,.28,.28,20
ORGWJ9,20170227,.6,.6,.6,.6,10
ORGWL9,20170227,.08,.08,.08,.08,100
ORIKY8,20170227,.49,.49,.49,.49,15
ORIL18,20170227,2.06,2.06,2.06,2.06,12
ORIL48,20170227,.195,.195,.195,.195,30
ORIL78,20170227,.16,.16,.16,.16,50
ORILW9,20170227,.225,.225,.225,.225,23
ORIN59,20170227,0,0,0,0,8
ORIS67,20170227,.275,.275,.275,.275,10
OSHE29,20170227,.145,.15,.1,.12,290
OSHEF9,20170227,.03,.03,.03,.03,100
OSHEI9,20170227,.085,.145,.085,.115,765
OSHLI9,20170227,.185,.185,.185,.185,150
OSHRP8,20170227,.05,.065,.05,.065,2404
OSHRS8,20170227,.06,.07,.06,.07,450
OSHRT8,20170227,.02,.02,.02,.02,3375
OSHS18,20170227,.17,.25,.17,.2,900
OSHU69,20170227,.62,.62,.62,.62,15
OSHU99,20170227,.185,.185,.185,.185,150
OSHWI9,20170227,2.25,2.25,2.2,2.2,500
OSHWP9,20170227,.13,.13,.13,.13,30
OSHWR9,20170227,.225,.225,.225,.225,15
OSHWS9,20170227,.1,.115,.1,.115,235
OSHXB9,20170227,.435,.435,.435,.435,150
OSHXW8,20170227,.76,.76,.76,.76,150
OSHY18,20170227,.12,.12,.12,.12,68
OZLDZ9,20170227,.17,.18,.17,.18,820
OZLFK9,20170227,.27,.27,.26,.26,47
OZLGL9,20170227,.17,.17,.17,.17,3
OZLM49,20170227,.125,.125,.125,.125,150
OZLSA9,20170227,.085,.085,.085,.085,100
QANF57,20170227,.19,.19,.19,.19,580
QANFF9,20170227,.22,.22,.22,.22,400
QANQF9,20170227,.33,.33,.33,.33,50
QANVJ8,20170227,.13,.13,.13,.13,60
QANVK8,20170227,.12,.12,.12,.12,50
QANVN8,20170227,.05,.05,.05,.05,75
QANYQ9,20170227,.16,.16,.16,.16,75
QANYS9,20170227,0,0,0,.12,120
QANYU9,20170227,.09,.09,.09,.09,70
QBEBK7,20170227,.56,.56,.5,.5,275
QBEBV8,20170227,.39,.39,.39,.39,550
QBEC27,20170227,.3,.3,.3,.3,10
QBEC37,20170227,0,0,0,1.67,60
QBECT8,20170227,0,0,0,1.15,200
QBED38,20170227,.65,.65,.65,.65,20
QBED48,20170227,.6,.61,.6,.61,26
QBED68,20170227,.7,.7,.7,.7,27
QBEDN8,20170227,.28,.28,.28,.28,50
QBEDP8,20170227,.43,.43,.43,.43,40
QBEEH7,20170227,.25,.25,.12,.12,98
QBEER8,20170227,.265,.265,.22,.245,358
QBEFP8,20170227,.18,.18,.18,.18,24
QBEFT8,20170227,.3,.3,.28,.28,80
QBEFV8,20170227,.435,.435,.43,.43,20
QBEGM8,20170227,.13,.14,.13,.14,217
QBEGU8,20170227,.575,.575,.575,.575,25
QBEGW8,20170227,3.47,3.47,3.47,3.47,13
QBEGZ7,20170227,.48,.48,.48,.48,33
QBEI27,20170227,0,0,0,.225,20
QBEI47,20170227,.17,.17,.17,.17,81
QBEJ58,20170227,.115,.115,.115,.115,118
QBELC8,20170227,0,0,0,.25,20
QBEN18,20170227,0,0,0,0,400
QBEN28,20170227,0,0,0,.5,20
QBEPL8,20170227,.395,.395,.395,.395,100
QBEPZ8,20170227,.52,.52,.52,.52,23
QBEQY8,20170227,.425,.425,.425,.425,100
QBESG7,20170227,.78,.78,.78,.78,90
QBESL7,20170227,0,0,0,1.81,50
QBEVB9,20170227,2.78,2.78,2.78,2.78,7
QBEVF9,20170227,0,0,0,1,224
QBEVG9,20170227,.53,.53,.53,.53,168
QBEVH9,20170227,0,0,0,1.5,71
QBEVI9,20170227,0,0,0,0,24
QBEXB7,20170227,0,0,0,1.45,71
QBEYJ7,20170227,.025,.025,.025,.025,55
QBEYJ8,20170227,.65,.8,.65,.68,60
QBEYK8,20170227,.43,.43,.42,.425,100
QBEYO8,20170227,.2,.245,.2,.245,140
QBEYR7,20170227,.08,.08,.08,.08,50
QBEYR8,20170227,.175,.175,.175,.175,25
QBEYX8,20170227,.1,.1,.1,.1,250
QBEZ18,20170227,.485,.5,.25,.25,494
QBEZ28,20170227,.5,.5,.5,.5,60
QBEZ47,20170227,.3,.37,.3,.37,80
QBEZM9,20170227,0,0,0,.47,270
QBEZN9,20170227,.27,.305,.27,.305,246
QBEZQ7,20170227,1.02,1.02,1.02,1.02,200
QBEZV7,20170227,.58,.58,.58,.58,400
QBEZW7,20170227,.56,.56,.56,.56,25
RIOB19,20170227,2.55,2.55,2.35,2.365,127
RIOB59,20170227,2.5,2.5,2.1,2.1,600
RIOB69,20170227,2.1,2.1,1.85,1.88,380
RIOBI9,20170227,1.35,1.55,1.35,1.55,879
RIOBM7,20170227,9,9,9,9,1
RIOC87,20170227,.035,.035,.035,.035,50
RIOCG8,20170227,1.345,1.345,1.185,1.185,400
RIOEK7,20170227,.21,.27,.21,.27,720
RIOF37,20170227,.025,.025,.025,.025,50
RIOFK7,20170227,.61,.61,.61,.61,20
RIOFR7,20170227,0,0,0,8.1,30
RIOG57,20170227,0,0,0,1.17,100
RIOG77,20170227,1.47,1.47,1.47,1.47,280
RIOG97,20170227,1.9,2,1.72,1.72,321
RIOGO8,20170227,0,0,0,0,30
RIOGP8,20170227,0,0,0,0,30
RIOGU7,20170227,2.22,2.35,2.22,2.35,161
RIOGZ7,20170227,0,0,0,9.35,270
RIOI38,20170227,1.62,1.62,1.62,1.62,20
RIOI47,20170227,0,0,0,.575,40
RIOI57,20170227,0,0,0,5.92,19
RIOII7,20170227,2.75,2.75,2.75,2.75,100
RIOIO8,20170227,0,0,0,0,19
RIOJ68,20170227,14,14,14,14,1
RIOJD9,20170227,.115,.115,.1,.1,800
RIOJG8,20170227,.14,.14,.095,.1,350
RIOJV8,20170227,0,0,0,1.505,20
RIOK77,20170227,.83,.83,.83,.83,2452
RIOK87,20170227,0,0,0,3.95,100
RIOK97,20170227,.5,.55,.5,.55,655
RIOKB7,20170227,2.75,2.75,2.75,2.75,6
RIOKD7,20170227,0,0,0,4.05,30
RIOKH7,20170227,1.25,1.25,1.25,1.25,5
RIOKL7,20170227,0,0,0,5.7,100
RIOKM8,20170227,.12,.12,.12,.12,300
RIOKV8,20170227,.295,.295,.295,.295,160
RIOKW9,20170227,1.48,1.48,1.48,1.48,10
RIOL38,20170227,0,0,0,1.46,100
RIOM88,20170227,.615,.615,.615,.615,30
RIOMD8,20170227,0,0,0,0,30
RIOMK8,20170227,0,0,0,0,7
RIOML8,20170227,0,0,0,8.45,240
RIOMM8,20170227,0,0,0,0,240
RION58,20170227,0,0,0,.875,320
RIONK8,20170227,0,0,0,0,2
RIOPL8,20170227,2.7,2.7,2.65,2.65,4
RIOPM8,20170227,0,0,0,0,4
RIOPY8,20170227,.2,.205,.2,.2,1000
RIOQ67,20170227,1.7,1.9,1.45,1.5,400
RIOQ77,20170227,0,0,0,6.95,2
RIOQ97,20170227,1.87,1.97,1.445,1.445,1045
RIOQB7,20170227,0,0,0,2.4,7
RIOQG8,20170227,1.625,1.625,1.625,1.625,3
RIOQH9,20170227,.19,.25,.15,.25,510
RIOQM7,20170227,1.5,1.5,1.5,1.5,110
RIOQO7,20170227,1.695,1.695,1.695,1.695,180
RIOQT8,20170227,0,0,0,2.115,100
RIOQX8,20170227,4,4,4,4,238
RIOR67,20170227,3.97,3.97,3.9,3.9,19
RIOR77,20170227,3.235,3.235,3.2,3.2,50
RIOR97,20170227,3.6,3.6,3.6,3.6,12
RIORF7,20170227,2.8,2.8,2.77,2.77,15
RIORH7,20170227,2.53,2.53,2.53,2.53,8
RIORK8,20170227,1.125,1.13,.995,.995,623
RIORY7,20170227,0,0,0,1.02,60
RIOS17,20170227,.75,.75,.75,.75,9
RIOS77,20170227,0,0,0,1.85,100
RIOT17,20170227,.545,.545,.545,.545,100
RIOT69,20170227,0,0,0,8.78,4
RIOTH9,20170227,0,0,0,14.235,2
RIOTO7,20170227,.55,.55,.5,.5,210
RIOU39,20170227,1.1,1.23,1.1,1.18,295
RIOU49,20170227,1.16,1.16,1.015,1.13,655
RIOU59,20170227,3.7,3.7,3.7,3.7,20
RIOU79,20170227,0,0,0,1.5,300
RIOUL7,20170227,0,0,0,0,100
RIOV79,20170227,3.9,3.9,3.9,3.9,15
RIOVD7,20170227,0,0,0,0,30
RIOW58,20170227,0,0,0,0,20
RIOW68,20170227,.4,.4,.4,.4,30
RIOW78,20170227,.475,.475,.4,.4,2630
RIOWG9,20170227,0,0,0,9.66,12
RIOWS8,20170227,.25,.33,.25,.33,1540
RIOXK7,20170227,5.45,5.45,5.45,5.45,50
RIOXZ7,20170227,9,9,9,9,7
RIOY48,20170227,0,0,0,.42,185
RIOY58,20170227,.25,.31,.25,.31,310
RIOYO7,20170227,10.79,10.79,10.79,10.79,4
RIOZA7,20170227,3.9,3.9,3.9,3.9,61
RIOZB7,20170227,.98,.98,.98,.98,90
RIOZD8,20170227,.13,.13,.13,.13,15
RIOZH8,20170227,.08,.08,.08,.08,74
RIOZJ8,20170227,0,0,0,7.3,200
RIOZK8,20170227,.85,.85,.85,.85,35
RIOZN7,20170227,2.5,2.5,2.5,2.5,120
RIOZN8,20170227,0,0,0,.25,100
RIOZR8,20170227,0,0,0,1.745,680
RIOZS8,20170227,2.1,2.1,2.1,2.1,10
RIOZW8,20170227,1.35,1.4,1.15,1.15,630
RIOZX8,20170227,1.925,1.925,1.925,1.925,5
RIOZY8,20170227,1.95,2.15,1.695,1.995,505
RRLDN9,20170227,.09,.09,.09,.09,400
RRLQR8,20170227,.11,.11,.11,.11,70
RRLRI8,20170227,.105,.105,.105,.105,70
S32B19,20170227,.085,.085,.085,.085,220
S32C49,20170227,.155,.155,.155,.155,50
S32C59,20170227,.045,.05,.045,.05,365
S32EK9,20170227,.02,.02,.02,.02,313
S32EY9,20170227,.015,.015,.015,.015,147
S32N49,20170227,.105,.105,.1,.1,600
S32N99,20170227,.09,.09,.09,.09,100
S32QR9,20170227,.12,.12,.12,.12,150
S32TT8,20170227,0,0,0,.88,3
S32TV8,20170227,0,0,0,0,3
S32UF9,20170227,.08,.08,.08,.08,70
S32VO9,20170227,.035,.035,.035,.035,100
S32W19,20170227,.175,.175,.175,.175,30
SCGVU9,20170227,.04,.04,.04,.04,20
SEKN99,20170227,.705,.705,.705,.705,1050
SEKP79,20170227,0,0,0,.48,1000
SEKTO9,20170227,1.605,1.605,1.605,1.605,25
SEKTP9,20170227,.755,.755,.755,.755,50
SEKUV9,20170227,.38,.38,.38,.38,7
SGMJC7,20170227,.305,.305,.305,.305,15
SGMKK7,20170227,.15,.15,.15,.15,10
SGPTD8,20170227,.01,.01,.01,.01,25
SGPU29,20170227,.11,.11,.11,.11,100
SGRXO8,20170227,.225,.225,.225,.225,200
SHLBP9,20170227,0,0,0,.29,20
SHLC29,20170227,0,0,0,0,20
SHLCG9,20170227,.18,.2,.18,.2,60
SHLTM9,20170227,.5,.545,.5,.545,1000
SHLVJ9,20170227,.72,.74,.72,.74,40
STOBH9,20170227,.675,.675,.665,.665,300
STOCY9,20170227,.165,.165,.165,.165,20
STOFS9,20170227,.07,.07,.07,.07,50
STOFY9,20170227,.01,.01,.01,.01,135
STOG59,20170227,.02,.02,.015,.015,267
STOG69,20170227,.555,.555,.555,.555,125
STOG89,20170227,.1,.12,.1,.12,165
STOG99,20170227,.065,.065,.065,.065,137
STOGK9,20170227,.08,.11,.08,.11,550
STOGM9,20170227,.175,.22,.175,.22,300
STOGN9,20170227,.03,.03,.03,.03,110
STOGO9,20170227,.36,.36,.36,.36,35
STOGP9,20170227,.115,.13,.115,.13,200
STOGQ9,20170227,.27,.27,.27,.27,118
STOGR9,20170227,.045,.055,.045,.055,280
STOGS9,20170227,.16,.16,.16,.16,10
STOI19,20170227,.105,.105,.09,.09,244
STOI39,20170227,.075,.075,.065,.065,458
STOI59,20170227,.045,.045,.045,.045,116
STOI89,20170227,.035,.035,.035,.035,800
STOKO9,20170227,.115,.115,.115,.115,30
STOL29,20170227,.15,.15,.15,.15,100
STOL49,20170227,.12,.12,.12,.12,2000
STOL89,20170227,.09,.09,.09,.09,2000
STOLF9,20170227,0,0,0,0,10
STOLQ8,20170227,.015,.015,.015,.015,240
STOLQ9,20170227,.065,.065,.065,.065,90
STOM29,20170227,.065,.065,.065,.065,100
STOMH8,20170227,.075,.075,.075,.075,30
STONW8,20170227,0,0,0,.29,10
STOP18,20170227,.32,.32,.31,.31,329
STOP28,20170227,0,0,0,.44,10
STOPK8,20170227,.305,.305,.305,.305,35
STOPX9,20170227,.32,.32,.32,.32,1000
STOR28,20170227,.29,.29,.29,.29,84
STORK9,20170227,.07,.07,.07,.07,100
STORW8,20170227,.2,.2,.2,.2,300
STORY9,20170227,.17,.17,.17,.17,300
STOS59,20170227,.115,.115,.115,.115,300
STOSH9,20170227,.4,.4,.4,.4,22
STOSR9,20170227,.06,.06,.06,.06,80
STOSY9,20170227,0,0,0,0,55
STOTY8,20170227,.24,.24,.21,.21,300
STOU39,20170227,.13,.13,.13,.13,100
STOU99,20170227,.22,.22,.22,.22,2000
STOVK7,20170227,.01,.01,.01,.01,1000
STOVS7,20170227,.04,.04,.04,.04,37
STOVW7,20170227,.1,.1,.095,.1,2300
STOVX7,20170227,.14,.14,.13,.13,200
STOWO7,20170227,.84,.84,.84,.84,50
STOWS7,20170227,0,0,0,1.8,55
STOWS8,20170227,0,0,0,.085,10
STOXJ8,20170227,0,0,0,.29,20
STOZ38,20170227,.18,.18,.175,.175,500
STOZ48,20170227,.62,.62,.62,.62,400
SUNBW9,20170227,.145,.15,.145,.15,45
SUNLW8,20170227,.48,.48,.48,.48,50
SUNTR7,20170227,.045,.045,.045,.045,300
SUNTW7,20170227,.14,.14,.14,.14,100
SUNU27,20170227,.185,.185,.185,.185,137
SUNW48,20170227,.15,.15,.14,.14,100
SUNW58,20170227,.45,.45,.45,.45,75
SYDFM7,20170227,.09,.09,.09,.09,200
SYDS59,20170227,.16,.16,.16,.16,25
SYDS69,20170227,.095,.095,.095,.095,50
SYDXV9,20170227,.18,.18,.18,.18,25
TAHRI9,20170227,.07,.07,.065,.065,466
TCLMU9,20170227,1.195,1.195,1.195,1.195,50
TCLN58,20170227,.085,.1,.085,.09,577
TCLQ59,20170227,.09,.09,.09,.09,203
TCLT89,20170227,.135,.135,.135,.135,15
TCLXI8,20170227,.165,.165,.165,.165,100
TCLXJ8,20170227,.275,.275,.275,.275,50
TCLXM8,20170227,.04,.04,.04,.04,39
TCLXR8,20170227,0,0,0,.19,20
TLSBK9,20170227,0,0,0,.05,250
TLSBZ8,20170227,0,0,0,.175,600
TLSCL8,20170227,0,0,0,.105,100
TLSCQ7,20170227,0,0,0,.895,220
TLSCY7,20170227,.51,.51,.51,.51,280
TLSDT9,20170227,.35,.35,.35,.35,180
TLSDX8,20170227,0,0,0,0,200
TLSE18,20170227,.085,.085,.085,.085,1060
TLSE28,20170227,.05,.05,.05,.05,420
TLSEH8,20170227,0,0,0,0,300
TLSFV9,20170227,.59,.59,.59,.59,95
TLSFX9,20170227,.09,.09,.085,.085,100
TLSFY9,20170227,.065,.07,.065,.07,660
TLSGN8,20170227,0,0,0,0,250
TLSGW9,20170227,0,0,0,.36,200
TLSI78,20170227,0,0,0,0,600
TLSI99,20170227,.825,.84,.825,.84,220
TLSII7,20170227,.19,.19,.19,.19,330
TLSIL8,20170227,0,0,0,0,300
TLSIO8,20170227,0,0,0,0,200
TLSIQ8,20170227,.065,.065,.065,.065,150
TLSJJ8,20170227,.165,.165,.165,.165,200
TLSJL8,20170227,.345,.345,.32,.34,480
TLSKI9,20170227,0,0,0,.35,200
TLSLB9,20170227,0,0,0,.35,140
TLSN29,20170227,.06,.06,.06,.06,500
TLSN49,20170227,0,0,0,.155,600
TLSN59,20170227,.025,.025,.025,.025,300
TLSQL9,20170227,0,0,0,.92,220
TLSRH9,20170227,.05,.05,.05,.05,258
TLSRK7,20170227,.945,.945,.945,.945,25
TLSRL9,20170227,0,0,0,.02,300
TLSRR9,20170227,.42,.42,.42,.42,180
TLSWU9,20170227,.075,.075,.075,.075,200
TLSWY9,20170227,.175,.18,.175,.18,34
TLSWZ9,20170227,.03,.03,.025,.025,700
TLSX79,20170227,.59,.59,.59,.59,10
TLSXZ8,20170227,.003,.003,.003,.003,248
TLSY38,20170227,1.09,1.09,1.09,1.09,200
TLSYB8,20170227,0,0,0,.025,600
TLSYD8,20170227,.095,.095,.095,.095,200
TLSYN7,20170227,0,0,0,.405,60
TWEKN8,20170227,1.515,1.515,1.515,1.515,34
TWESW7,20170227,.32,.32,.32,.32,10
TWETC7,20170227,1.685,1.685,1.685,1.685,34
TWEWJ7,20170227,.48,.48,.48,.48,692
TWEXB7,20170227,.69,.69,.69,.69,692
WBCB27,20170227,0,0,0,.5,150
WBCC57,20170227,3.12,3.12,3.12,3.12,10
WBCCG7,20170227,1.78,1.78,1.78,1.78,2
WBCCL7,20170227,1.315,1.315,1.315,1.315,181
WBCCN7,20170227,1.665,1.665,1.665,1.665,100
WBCCW9,20170227,0,0,0,3.4,4
WBCEG7,20170227,0,0,0,.215,150
WBCEN7,20170227,.445,.47,.445,.47,40
WBCEO7,20170227,.58,.58,.58,.58,30
WBCEY7,20170227,.66,.66,.66,.66,70
WBCIZ7,20170227,0,0,0,0,30
WBCJ77,20170227,.21,.21,.21,.21,235
WBCJV7,20170227,0,0,0,0,15
WBCLB9,20170227,0,0,0,0,2
WBCM39,20170227,1.32,1.32,1.32,1.32,100
WBCM49,20170227,2.24,2.25,2.21,2.25,1111
WBCM77,20170227,1.96,1.96,1.96,1.96,100
WBCMD7,20170227,1.01,1.01,1.01,1.01,20
WBCPM9,20170227,.205,.205,.205,.205,53
WBCPO8,20170227,.68,.68,.68,.68,1000
WBCQM9,20170227,1.135,1.135,1.135,1.135,5
WBCQR9,20170227,0,0,0,.67,15
WBCSV7,20170227,.24,.255,.24,.255,155
WBCSX7,20170227,.1,.1,.1,.1,60
WBCSZ7,20170227,.56,.62,.55,.62,395
WBCT27,20170227,.05,.05,.05,.05,200
WBCUC9,20170227,0,0,0,2.455,2
WBCUH9,20170227,.705,.705,.705,.705,10
WBCV27,20170227,.22,.23,.22,.23,210
WBCVC9,20170227,1.12,1.12,1.12,1.12,40
WBCW38,20170227,.95,.95,.85,.85,15
WBCW48,20170227,.355,.4,.335,.4,1789
WBCW58,20170227,.375,.375,.375,.375,157
WBCW68,20170227,.86,.86,.86,.86,50
WBCW78,20170227,.115,.115,.115,.115,750
WBCX19,20170227,.19,.19,.19,.19,100
WBCX39,20170227,.26,.26,.26,.26,100
WBCX99,20170227,.51,.51,.51,.51,27
WBCXA9,20170227,1.03,1.03,1.03,1.03,10
WBCXC9,20170227,.735,.825,.735,.825,155
WBCXD9,20170227,.845,.85,.845,.85,16
WBCYA8,20170227,.615,.62,.615,.62,95
WBCYB8,20170227,.58,.58,.58,.58,35
WBCZ39,20170227,.55,.55,.55,.55,50
WBCZF8,20170227,0,0,0,.16,30
WBCZG8,20170227,.05,.05,.05,.05,150
WBCZQ9,20170227,.51,.51,.51,.51,9
WBCZR9,20170227,1.175,1.175,1.175,1.175,80
WESI77,20170227,.35,.35,.35,.35,18
WESI87,20170227,1.25,1.25,1.25,1.25,12
WESIJ7,20170227,0,0,0,.235,370
WESIW7,20170227,0,0,0,1.195,1200
WESIX7,20170227,.69,.695,.69,.695,1210
WESIZ7,20170227,0,0,0,1.02,75
WESJ27,20170227,.17,.17,.17,.17,150
WESJK7,20170227,.22,.22,.22,.22,55
WESK18,20170227,.145,.145,.145,.145,100
WESK37,20170227,.1,.1,.1,.1,5
WESK58,20170227,0,0,0,.2,100
WESK67,20170227,0,0,0,.92,75
WESKD8,20170227,0,0,0,.54,100
WESKG9,20170227,.195,.255,.195,.25,350
WESKH8,20170227,1.14,1.14,1.14,1.14,123
WESKJ8,20170227,0,0,0,1.005,1110
WESKK8,20170227,.385,.42,.385,.42,39
WESKK9,20170227,.47,.47,.47,.47,50
WESKL9,20170227,.54,.54,.54,.54,10
WESKQ9,20170227,0,0,0,.12,370
WESKY9,20170227,.19,.19,.19,.19,24
WESL28,20170227,.295,.295,.295,.295,10
WESLO8,20170227,.185,.185,.185,.185,134
WESLS8,20170227,0,0,0,0,100
WESMD8,20170227,1.13,1.13,1.13,1.13,23
WESME8,20170227,1.18,1.18,1.18,1.18,10
WESMK8,20170227,.475,.475,.475,.475,50
WESMM8,20170227,.44,.44,.44,.44,5
WESQV7,20170227,.45,.45,.45,.45,20
WESRS7,20170227,1.17,1.17,1.155,1.155,200
WESS58,20170227,0,0,0,.91,60
WESSF7,20170227,2.43,2.57,2.43,2.57,517
WESV27,20170227,.38,.38,.38,.38,16
WESVF8,20170227,1.79,1.79,1.78,1.78,114
WESW78,20170227,1.15,1.15,1.15,1.15,500
WESWE8,20170227,2.9,2.9,2.9,2.9,57
WESWM8,20170227,.85,.85,.85,.85,50
WESWQ7,20170227,1.12,1.12,1.12,1.12,14
WESWT7,20170227,.75,.75,.75,.75,40
WESWU8,20170227,0,0,0,0,60
WESXY7,20170227,1.165,1.165,1.165,1.165,20
WESYB7,20170227,0,0,0,3.745,500
WESYC7,20170227,0,0,0,4.28,500
WFDBV8,20170227,.125,.125,.125,.125,100
WFDBX8,20170227,.22,.22,.22,.22,150
WFDBZ8,20170227,.355,.355,.355,.355,300
WFDC38,20170227,.03,.03,.03,.03,42
WFDC77,20170227,.285,.285,.285,.285,78
WFDEW8,20170227,.36,.36,.36,.36,5
WFDEX8,20170227,.255,.255,.255,.255,8
WFDI67,20170227,.265,.265,.265,.265,30
WFDMK7,20170227,.18,.18,.18,.18,25
WORK49,20170227,.175,.18,.175,.18,500
WORLH9,20170227,.225,.225,.19,.19,168
WORTJ8,20170227,.5,.5,.5,.5,10
WOWCJ7,20170227,.55,.55,.55,.55,12
WOWCU8,20170227,0,0,0,0,40
WOWFU9,20170227,4.17,4.17,4.145,4.145,30
WOWG98,20170227,0,0,0,2.65,198
WOWGL8,20170227,0,0,0,1.26,3
WOWGO8,20170227,.33,.33,.33,.33,60
WOWGP7,20170227,.28,.28,.28,.28,40
WOWGR8,20170227,.705,.705,.705,.705,10
WOWJB9,20170227,2.795,2.795,2.795,2.795,40
WOWJM7,20170227,0,0,0,0,40
WOWK38,20170227,.33,.33,.33,.33,10
WOWKB8,20170227,0,0,0,.06,30
WOWKF8,20170227,.9,.9,.9,.9,14
WOWLN7,20170227,0,0,0,0,10
WOWLX8,20170227,.52,.52,.52,.52,15
WOWMJ7,20170227,2.09,2.09,2.09,2.09,55
WOWN77,20170227,0,0,0,.5,30
WOWN87,20170227,0,0,0,1.6,10
WOWNK7,20170227,0,0,0,1.28,3
WOWNM7,20170227,1.04,1.04,1.04,1.04,10
WOWPQ7,20170227,0,0,0,.47,50
WOWQJ8,20170227,.91,.91,.91,.91,10
WOWRW8,20170227,.66,.66,.66,.66,6
WOWSY9,20170227,.21,.21,.21,.21,10
WOWTB8,20170227,.515,.515,.5,.5,155
WOWTC8,20170227,.575,.575,.575,.575,25
WOWTI8,20170227,.075,.075,.075,.075,60
WOWTJ8,20170227,1.38,1.38,1.38,1.38,125
WOWTN8,20170227,0,0,0,3.72,150
WOWU58,20170227,0,0,0,0,150
WOWVP7,20170227,0,0,0,0,15
WOWW18,20170227,2.13,2.13,2.13,2.13,20
WOWW88,20170227,0,0,0,0,30
WOWWM8,20170227,0,0,0,0,3
WOWWX8,20170227,0,0,0,0,10
WOWZ47,20170227,0,0,0,0,120
WOWZ59,20170227,2.78,2.78,2.78,2.78,10
WOWZ79,20170227,.86,.86,.86,.86,100
WOWZ87,20170227,0,0,0,1.155,5
WOWZ89,20170227,.34,.34,.34,.34,80
WOWZB7,20170227,1.32,1.32,1.32,1.32,2
WPLB29,20170227,.34,.34,.34,.34,20
WPLEU9,20170227,.85,.85,.85,.85,50
WPLEV9,20170227,.84,.84,.84,.84,10
WPLFM9,20170227,0,0,0,5.5,10
WPLFR9,20170227,.1,.1,.1,.1,179
WPLFU9,20170227,0,0,0,1.88,150
WPLFV9,20170227,.47,.48,.47,.48,1000
WPLFW9,20170227,.44,.44,.33,.35,288
WPLFY9,20170227,.2,.2,.2,.2,10
WPLG39,20170227,0,0,0,1.4,30
WPLI28,20170227,1.35,1.35,1.35,1.35,20
WPLJF7,20170227,0,0,0,1.625,10
WPLJK7,20170227,0,0,0,0,10
WPLK29,20170227,0,0,0,2.185,15
WPLKC7,20170227,3.2,3.2,3.2,3.2,10
WPLLB9,20170227,.26,.26,.26,.26,30
WPLM38,20170227,.115,.115,.115,.115,10
WPLNN8,20170227,0,0,0,1.575,5
WPLP17,20170227,0,0,0,.68,1000
WPLQ28,20170227,0,0,0,.43,5
WPLQ47,20170227,0,0,0,2.1,33
WPLQ68,20170227,0,0,0,.29,75
WPLQ77,20170227,.59,.59,.59,.59,30
WPLRN9,20170227,.37,.375,.37,.375,1050
WPLRQ8,20170227,0,0,0,1.55,25
WPLSD8,20170227,1.41,1.41,1.41,1.41,4
WPLSK8,20170227,.75,.75,.75,.75,10
WPLSL8,20170227,0,0,0,.88,25
WPLSO8,20170227,1.51,1.51,1.51,1.51,10
WPLSP8,20170227,0,0,0,1.25,30
WPLT37,20170227,.525,.525,.51,.51,355
WPLT68,20170227,0,0,0,0,30
WPLV28,20170227,.31,.31,.31,.31,186
WPLW48,20170227,.24,.27,.24,.27,60
WPLW98,20170227,0,0,0,2.39,30
WPLWB8,20170227,0,0,0,2.005,35
WPLWC8,20170227,.74,.74,.74,.74,40
WPLXI8,20170227,.39,.39,.39,.39,70
WPLYS8,20170227,0,0,0,.445,30
WPLZ77,20170227,.36,.36,.36,.36,186
WPLZB8,20170227,.32,.32,.32,.32,20
WPLZC7,20170227,0,0,0,3.47,10
WPLZF7,20170227,0,0,0,0,4
WPLZF8,20170227,.46,.46,.46,.46,10
WPLZQ7,20170227,0,0,0,2.91,3
XJOB28,20170227,.07,.07,.06,.06,150
XJOB57,20170227,0,0,0,2.96,1000
XJOB98,20170227,.53,.6,.49,.51,314
XJOBD8,20170227,0,0,0,1.12,130
XJOBK8,20170227,6.91,6.91,6.91,6.91,25
XJOBM8,20170227,.64,.64,.51,.6,191
XJOBV8,20170227,0,0,0,.05,34
XJOBX7,20170227,0,0,0,.13,50
XJOBZ8,20170227,0,0,0,0,6
XJOC28,20170227,.16,.19,.16,.17,51
XJOCJ7,20170227,.01,.01,.01,.01,60
XJOCJ9,20170227,.05,.05,.05,.05,10
XJOCS7,20170227,.08,.1,.07,.07,243
XJOCT7,20170227,0,0,0,1.12,100
XJOCW8,20170227,0,0,0,4.41,1
XJOCX8,20170227,.04,.04,.04,.04,242
XJOCY7,20170227,.04,.05,.04,.04,440
XJOD17,20170227,.02,.02,.02,.02,194
XJODM8,20170227,0,0,0,1.62,56
XJODN8,20170227,.23,.28,.21,.26,333
XJODO8,20170227,.36,.36,.28,.29,564
XJODP8,20170227,.86,.95,.76,.87,141
XJODY8,20170227,.09,.09,.09,.09,134
XJODZ8,20170227,.16,.19,.15,.16,812
XJOE48,20170227,5.41,5.41,5.41,5.41,5
XJOE49,20170227,.04,.04,.04,.04,230
XJOE58,20170227,0,0,0,.02,50
XJOE79,20170227,0,0,0,.04,10
XJOEA8,20170227,6.93,6.93,6.93,6.93,25
XJOEB8,20170227,.01,.01,.01,.01,104
XJOEC8,20170227,57.05,57.05,57.05,57.05,58
XJOEH7,20170227,.35,.36,.3,.3,320
XJOEK7,20170227,0,0,0,0,150
XJOEM7,20170227,.41,.47,.38,.39,506
XJOEM9,20170227,.12,.12,.12,.12,2
XJOEN7,20170227,.76,.81,.74,.81,23
XJOEU9,20170227,.15,.16,.15,.16,1012
XJOF48,20170227,12.98,12.98,12.88,12.88,5
XJOF99,20170227,.25,.25,.25,.25,50
XJOFJ9,20170227,0,0,0,.29,1000
XJOFR9,20170227,.54,.54,.54,.54,1021
XJOFV7,20170227,0,0,0,.08,1
XJOFZ9,20170227,0,0,0,.56,1006
XJOGM7,20170227,.37,.37,.37,.37,30
XJOGM9,20170227,1.24,1.24,1.24,1.24,4
XJOGQ9,20170227,1.48,1.48,1.48,1.48,35
XJOGT9,20170227,.93,.93,.93,.93,17
XJOGX9,20170227,.69,.69,.69,.69,3
XJOGZ9,20170227,.6,.6,.6,.6,8
XJOH29,20170227,0,0,0,.69,91
XJOHP7,20170227,.22,.26,.21,.23,266
XJOHQ7,20170227,1.08,1.1,1,1.1,25
XJOHV9,20170227,.02,.02,.01,.01,33
XJOHX9,20170227,0,0,0,2.77,35
XJOHY9,20170227,.01,.01,.01,.01,85
XJOHZ9,20170227,1.58,1.58,1.55,1.55,20
XJOI19,20170227,.01,.01,.01,.01,305
XJOI39,20170227,.08,.08,.08,.08,60
XJOI49,20170227,.33,.33,.33,.33,56
XJOI59,20170227,.25,.27,.18,.24,234
XJOI69,20170227,.02,.02,.02,.02,90
XJOI89,20170227,.12,.12,.08,.08,552
XJOI99,20170227,0,0,0,.5,9
XJOIA9,20170227,.06,.07,.05,.06,405
XJOIB9,20170227,.72,.72,.68,.68,173
XJOIF9,20170227,.01,.01,.01,.01,75
XJOIG8,20170227,.01,.01,.01,.01,42
XJOIH8,20170227,3.1,3.1,3.05,3.05,3
XJOIH9,20170227,.15,.15,.12,.12,149
XJOIJ9,20170227,.05,.05,.05,.05,170
XJOIK9,20170227,2.56,2.56,2.55,2.55,20
XJOIL9,20170227,.01,.01,.01,.01,30
XJOIO9,20170227,.19,.19,.16,.16,191
XJOIP9,20170227,.35,.35,.33,.33,22
XJOIR8,20170227,0,0,0,.02,95
XJOIR9,20170227,.01,.01,.01,.01,155
XJOIS9,20170227,.04,.04,.02,.02,163
XJOIT9,20170227,0,0,0,.75,44
XJOIU9,20170227,2.86,2.86,2.77,2.77,67
XJOIX9,20170227,.04,.04,.03,.03,123
XJOIY9,20170227,.65,.78,.62,.65,36
XJOIZ9,20170227,.11,.14,.08,.09,133
XJOJ28,20170227,0,0,0,.03,54
XJOJ37,20170227,0,0,0,.06,1
XJOJK7,20170227,0,0,0,0,200
XJOJL7,20170227,.12,.12,.12,.12,11
XJOJN7,20170227,.37,.38,.37,.38,30
XJOJS8,20170227,.1,.1,.1,.1,10
XJOJT8,20170227,0,0,0,0,31
XJOJV7,20170227,0,0,0,0,200
XJOJZ7,20170227,.05,.06,.04,.06,431
XJOK67,20170227,.07,.07,.05,.05,92
XJOKF8,20170227,.02,.02,.02,.02,31
XJOL89,20170227,.06,.06,.06,.06,50
XJOMC7,20170227,0,0,0,1.33,100
XJON39,20170227,7.53,7.53,7.53,7.53,25
XJON88,20170227,.01,.01,.01,.01,20
XJOQ59,20170227,0,0,0,0,110
XJOQ99,20170227,1,1,1,1,1
XJOQP7,20170227,0,0,0,.68,277
XJOQU7,20170227,.05,.05,.05,.05,34
XJOQW7,20170227,.06,.06,.06,.06,55
XJOR57,20170227,.03,.03,.03,.03,60
XJOR67,20170227,0,0,0,.25,17
XJOR87,20170227,.08,.08,.07,.08,303
XJORA9,20170227,0,0,0,0,95
XJORC7,20170227,0,0,0,.07,60
XJORF7,20170227,.09,.09,.09,.09,359
XJORH7,20170227,.1,.1,.1,.1,35
XJORL7,20170227,.1,.1,.1,.1,351
XJORN7,20170227,.11,.11,.11,.11,42
XJORR7,20170227,.12,.12,.12,.12,464
XJORT7,20170227,0,0,0,.12,35
XJORV7,20170227,.14,.15,.14,.15,305
XJORX7,20170227,.16,.16,.16,.16,480
XJORZ7,20170227,.19,.19,.17,.18,76
XJOS17,20170227,0,0,0,4.08,10
XJOS27,20170227,.2,.2,.2,.2,250
XJOS37,20170227,3.17,3.17,3.17,3.17,59
XJOS38,20170227,0,0,0,.13,53
XJOS47,20170227,.24,.24,.22,.22,85
XJOS67,20170227,.23,.24,.23,.24,56
XJOS87,20170227,.25,.28,.25,.27,726
XJOS98,20170227,.06,.06,.05,.05,143
XJOSA7,20170227,.32,.32,.32,.32,250
XJOSB7,20170227,2.35,2.35,2.35,2.35,7
XJOSC7,20170227,.36,.36,.35,.35,40
XJOSG7,20170227,.45,.5,.45,.5,79
XJOSI7,20170227,.51,.51,.51,.51,45
XJOSK7,20170227,.58,.59,.58,.59,45
XJOSL7,20170227,0,0,0,1.64,56
XJOSP7,20170227,.76,.76,.74,.74,29
XJOSQ7,20170227,0,0,0,1.55,90
XJOSS7,20170227,.91,.91,.91,.91,20
XJOST7,20170227,1.02,1.02,.96,.96,21
XJOSU7,20170227,0,0,0,1.14,90
XJOSW7,20170227,.67,.71,.67,.71,33
XJOSX7,20170227,1.2,1.24,1.2,1.22,22
XJOSY7,20170227,0,0,0,.73,202
XJOT17,20170227,.51,.51,.47,.48,225
XJOT37,20170227,0,0,0,.5,53
XJOT57,20170227,.34,.34,.34,.34,85
XJOT77,20170227,.28,.29,.28,.29,275
XJOT79,20170227,.01,.01,.01,.01,187
XJOT97,20170227,.23,.24,.23,.24,106
XJOTB7,20170227,.19,.19,.19,.19,20
XJOTB9,20170227,0,0,0,.02,50
XJOTD7,20170227,.14,.17,.14,.14,281
XJOTD9,20170227,.02,.02,.02,.02,90
XJOTJ9,20170227,0,0,0,.01,60
XJOTL9,20170227,0,0,0,.02,65
XJOTQ8,20170227,0,0,0,.78,95
XJOTS8,20170227,0,0,0,0,140
XJOTT9,20170227,.03,.03,.03,.03,10
XJOTY7,20170227,5.09,5.09,5.09,5.09,1
XJOU78,20170227,0,0,0,1.54,95
XJOUB8,20170227,0,0,0,0,140
XJOVC7,20170227,.05,.05,.05,.05,10
XJOVG7,20170227,.04,.04,.04,.04,2
XJOVU9,20170227,0,0,0,.04,20
XJOVV7,20170227,.22,.22,.21,.21,326
XJOVX7,20170227,.52,.52,.52,.52,202
XJOWE7,20170227,.41,.41,.41,.41,55
XJOWK7,20170227,0,0,0,.57,200
XJOWX9,20170227,.24,.24,.19,.19,36
XJOWY9,20170227,.73,.78,.71,.71,110
XJOX19,20170227,.21,.21,.21,.21,11
XJOX29,20170227,.4,.44,.4,.41,40
XJOX39,20170227,0,0,0,.45,87
XJOX58,20170227,0,0,0,.17,315
XJOX79,20170227,0,0,0,3.84,20
XJOX89,20170227,.06,.06,.06,.06,600
XJOX98,20170227,0,0,0,.66,340
XJOX99,20170227,0,0,0,0,100
XJOXA9,20170227,0,0,0,.19,15
XJOXE8,20170227,0,0,0,1.83,40
XJOXG9,20170227,0,0,0,0,30
XJOXH8,20170227,0,0,0,1.34,40
XJOXH9,20170227,0,0,0,0,26
XJOXI9,20170227,0,0,0,2.69,61
XJOXL8,20170227,.84,.86,.84,.86,60
XJOXM8,20170227,2.06,2.06,2.06,2.06,90
XJOXM9,20170227,2.32,2.32,2.32,2.32,50
XJOXN8,20170227,0,0,0,1.17,50
XJOXN9,20170227,.11,.11,.09,.1,205
XJOXR8,20170227,0,0,0,.44,340
XJOXT8,20170227,.08,.08,.08,.08,3006
XJOXU7,20170227,0,0,0,.82,70
XJOXV7,20170227,11.55,11.55,11.4,11.5,9
XJOXW7,20170227,0,0,0,.44,48
XJOXW8,20170227,0,0,0,2.84,10
XJOY28,20170227,.13,.13,.13,.13,2
XJOY68,20170227,0,0,0,.38,515
XJOY77,20170227,0,0,0,.54,70
XJOY89,20170227,0,0,0,.21,1
XJOYA8,20170227,0,0,0,.85,6
XJOYI8,20170227,0,0,0,.35,3000
XJOYI9,20170227,1.37,1.37,1.37,1.37,10
XJOYJ9,20170227,.22,.22,.18,.21,116
XJOYK9,20170227,.96,.96,.96,.96,5
XJOYL9,20170227,.32,.32,.32,.32,11
XJOYM7,20170227,0,0,0,1,47
XJOYM9,20170227,0,0,0,.74,22
XJOYN9,20170227,.49,.49,.48,.48,91
XJOYP9,20170227,.14,.14,.14,.14,12
XJOYR9,20170227,.4,.41,.4,.4,650
XJOYS8,20170227,.94,.95,.94,.95,10
XJOYW8,20170227,.77,.77,.77,.77,11
XJOZC9,20170227,0,0,0,.39,6
XJOZE9,20170227,1.53,1.53,1.53,1.53,130
XJOZI7,20170227,2.04,2.04,2.04,2.04,3
XJOZJ7,20170227,.11,.13,.11,.12,751
XJOZM7,20170227,.81,.82,.77,.82,44
XJOZN7,20170227,.43,.45,.39,.39,466
XJOZP7,20170227,0,0,0,.01,115
XJOZR7,20170227,0,0,0,.02,120
XJOZS7,20170227,3.56,3.56,3.56,3.56,20
XJOZT7,20170227,.05,.05,.05,.05,40
