"AAI","20000831","57.00","57.00","57.00","57.00","200"
"AAP","20000831","7.09","7.11","7.09","7.10","1687577"
"AAR","20000831","0.026","0.026","0.024","0.024","320000"
"AAT","20000831","0.48","0.48","0.47","0.47","8230950"
"ABC","20000831","0.38","0.385","0.38","0.38","420732"
"ABCG","20000831","2.065","2.07","2.065","2.065","32030"
"ABG","20000831","1.94","1.96","1.91","1.96","15000"
"ABK","20000831","0.43","0.43","0.43","0.43","5000"
"ABKO","20000831","0.12","0.12","0.12","0.12","40000"
"ACC","20000831","0.63","0.63","0.57","0.57","204597"
"ACE","20000831","0.50","0.50","0.50","0.50","5000"
"ACEO","20000831","0.115","0.115","0.115","0.115","167"
"ACI","20000831","0.115","0.115","0.11","0.11","43366"
"ACIO","20000831","0.052","0.052","0.05","0.05","210000"
"ACY","20000831","0.84","0.84","0.84","0.84","35790"
"ADA","20000831","2.58","2.58","2.55","2.57","141899"
"ADB","20000831","5.20","5.24","5.05","5.05","41858"
"ADBHA","20000831","101.25","101.25","101.00","101.00","750"
"ADBHB","20000831","86.50","86.50","86.50","86.50","500"
"ADM","20000831","0.083","0.083","0.083","0.083","20000"
"ADP","20000831","2.37","2.37","2.34","2.34","1142564"
"ADR","20000831","0.029","0.029","0.026","0.026","180000"
"ADS","20000831","0.071","0.071","0.071","0.071","10000"
"ADX","20000831","0.26","0.28","0.26","0.27","47150"
"ADXO","20000831","0.025","0.026","0.025","0.026","29500"
"ADZ","20000831","2.53","2.53","2.41","2.48","80036"
"AEC","20000831","0.81","0.81","0.80","0.81","8000"
"AET","20000831","1.861","1.861","1.80","1.86","15769"
"AEX","20000831","0.11","0.11","0.105","0.105","550000"
"AEXO","20000831","0.037","0.037","0.037","0.037","250000"
"AFI","20000831","2.52","2.53","2.50","2.51","282833"
"AGA","20000831","0.03","0.03","0.03","0.03","120000"
"AGG","20000831","66.40","67.00","66.10","66.10","4948"
"AGH","20000831","0.53","0.54","0.526","0.526","105509"
"AGL","20000831","10.671","10.75","10.44","10.50","557369"
"AGLISJ","20000831","3.03","3.03","2.91","2.91","7000"
"AGM","20000831","0.105","0.105","0.10","0.10","89503"
"AGS","20000831","0.105","0.105","0.105","0.105","40000"
"AGTDA","20000831","1.20","1.20","1.20","1.20","12160"
"AGTDB","20000831","0.19","0.35","0.19","0.35","7700"
"AGY","20000831","0.20","0.20","0.20","0.20","29000"
"AHD","20000831","3.229","3.24","3.15","3.15","880"
"AHH","20000831","0.22","0.22","0.19","0.19","120000"
"AHX","20000831","0.64","0.65","0.64","0.64","175595"
"AIE","20000831","0.205","0.215","0.205","0.205","145279"
"AILOA","20000831","0.105","0.105","0.105","0.105","2500"
"AIP","20000831","1.02","1.02","1.00","1.02","784539"
"AIU","20000831","0.07","0.07","0.07","0.07","12283"
"AIX","20000831","1.98","1.99","1.93","1.93","80892"
"AIZ","20000831","1.80","1.82","1.80","1.82","8600"
"AJL","20000831","1.95","1.96","1.95","1.96","52725"
"AJN","20000831","1.47","1.48","1.43","1.43","451664"
"AJP","20000831","1.18","1.20","1.17","1.18","1030490"
"AJR","20000831","0.86","0.87","0.85","0.85","233498"
"AKC","20000831","3.13","3.15","3.06","3.11","67117"
"AKD","20000831","0.036","0.036","0.034","0.034","132000"
"ALA","20000831","0.22","0.22","0.22","0.22","15795"
"ALI","20000831","0.70","0.70","0.70","0.70","55000"
"ALK","20000831","0.14","0.14","0.14","0.14","60000"
"ALKOB","20000831","0.045","0.045","0.045","0.045","25000"
"ALL","20000831","5.80","6.26","5.76","6.26","3855465"
"ALO","20000831","0.71","0.76","0.71","0.76","8200"
"ALQ","20000831","0.81","0.81","0.81","0.81","15000"
"ALX","20000831","0.41","0.41","0.41","0.41","657"
"ALZ","20000831","1.45","1.46","1.45","1.46","41930"
"AMC","20000831","5.592","5.592","5.51","5.515","408996"
"AMCG","20000831","7.85","7.90","7.80","7.90","5090"
"AMCIBL","20000831","2.44","2.44","2.44","2.44","1500"
"AMG","20000831","0.29","0.29","0.28","0.28","185500"
"AMGO","20000831","0.068","0.068","0.062","0.065","790494"
"AMH","20000831","2.37","2.43","2.36","2.43","35804"
"AML","20000831","1.18","1.20","1.15","1.19","389970"
"AMM","20000831","1.41","1.42","1.38","1.38","144886"
"AMMO","20000831","0.70","0.72","0.70","0.72","5894"
"AMP","20000831","17.91","17.94","17.81","17.82","1212384"
"AMPEMG","20000831","9.43","9.43","9.43","9.43","3821"
"AMPIMA","20000831","11.05","11.05","10.91","10.91","10000"
"AMQHA","20000831","94.50","94.50","94.15","94.15","3347"
"AMS","20000831","0.10","0.10","0.10","0.10","40000"
"AMSO","20000831","0.022","0.022","0.022","0.022","20000"
"AMU","20000831","0.12","0.13","0.115","0.125","221000"
"AMUOA","20000831","0.037","0.037","0.037","0.037","200000"
"ANE","20000831","2.43","2.44","2.43","2.44","3900"
"ANK","20000831","0.27","0.27","0.255","0.255","6000"
"ANKO","20000831","0.045","0.046","0.042","0.042","79800"
"ANL","20000831","3.12","3.23","3.10","3.22","381821"
"ANM","20000831","2.81","2.84","2.80","2.84","52526"
"ANTG","20000831","98.50","98.50","98.50","98.50","71"
"ANX","20000831","0.50","0.50","0.495","0.50","120200"
"ANY","20000831","0.34","0.34","0.34","0.34","5000"
"ANZ","20000831","13.01","13.10","13.00","13.03","3281338"
"ANZEMF","20000831","7.48","7.48","7.48","7.48","1809"
"AOE","20000831","0.18","0.18","0.175","0.18","235000"
"AOEO","20000831","0.042","0.05","0.042","0.05","199500"
"AOF","20000831","1.15","1.16","1.13","1.13","470049"
"AOG","20000831","1.83","1.83","1.78","1.78","49147"
"AOL","20000831","0.096","0.10","0.095","0.10","551600"
"APA","20000831","2.30","2.33","2.30","2.30","213530"
"APE","20000831","4.40","4.40","4.40","4.40","18000"
"APECD","20000831","4.05","4.05","4.05","4.05","75000"
"APF","20000831","1.68","1.69","1.67","1.68","387992"
"APG","20000831","0.155","0.16","0.15","0.15","1054934"
"API","20000831","2.42","2.42","2.39","2.39","17700"
"APL","20000831","2.05","2.08","2.04","2.08","27478"
"APN","20000831","4.93","4.93","4.78","4.80","183314"
"APU","20000831","0.11","0.11","0.11","0.11","9500"
"APY","20000831","0.59","0.59","0.58","0.58","63936"
"AQP","20000831","6.70","6.75","6.70","6.75","12800"
"ARA","20000831","0.425","0.425","0.42","0.425","62420"
"ARC","20000831","0.12","0.12","0.12","0.12","25080"
"ARF","20000831","3.10","3.10","3.10","3.10","474"
"ARG","20000831","3.43","3.45","3.38","3.39","104152"
"ARL","20000831","2.12","2.14","2.07","2.08","609000"
"ARP","20000831","6.52","6.52","6.52","6.52","1000"
"ARQ","20000831","0.105","0.11","0.105","0.105","359834"
"ART","20000831","1.37","1.37","1.34","1.35","1379535"
"ASB","20000831","1.88","1.88","1.88","1.88","16500"
"ASC","20000831","0.46","0.47","0.46","0.46","10850"
"ASE","20000831","0.235","0.235","0.235","0.235","25400"
"ASH","20000831","2.11","2.14","2.11","2.12","934416"
"ASL","20000831","0.21","0.21","0.19","0.20","566740"
"ASP","20000831","0.14","0.14","0.14","0.14","25000"
"ASX","20000831","12.38","12.41","12.20","12.21","207558"
"ATE","20000831","0.135","0.135","0.13","0.13","220643"
"ATGR","20000831","0.007","0.007","0.007","0.007","54000"
"ATM","20000831","1.19","1.20","1.19","1.20","20000"
"ATN","20000831","0.051","0.053","0.051","0.051","374000"
"ATP","20000831","0.245","0.245","0.245","0.245","27784"
"ATR","20000831","0.345","0.345","0.345","0.345","2448"
"AUD","20000831","2.00","2.00","1.95","1.95","34092"
"AUDCD","20000831","2.92","2.92","2.92","2.92","2700"
"AUG","20000831","0.22","0.225","0.215","0.215","339937"
"AUL","20000831","0.03","0.03","0.03","0.03","100000"
"AUN","20000831","5.17","5.17","5.10","5.15","582111"
"AUO","20000831","0.135","0.135","0.13","0.13","216120"
"AUY","20000831","0.735","0.74","0.73","0.73","115000"
"AVL","20000831","0.047","0.048","0.047","0.047","220500"
"AVR","20000831","0.17","0.175","0.165","0.175","238118"
"AVT","20000831","0.29","0.29","0.28","0.29","804800"
"AWACC","20000831","0.68","0.68","0.68","0.68","14456"
"AWE","20000831","0.452","0.452","0.45","0.45","13820"
"AXA","20000831","2.66","2.69","2.64","2.69","2696144"
"AXI","20000831","0.057","0.057","0.056","0.056","20384"
"AXN","20000831","1.47","1.47","1.40","1.40","479295"
"AXP","20000831","1.15","1.16","1.14","1.15","1242668"
"AYO","20000831","0.315","0.32","0.305","0.32","156363"
"AYOOA","20000831","0.17","0.17","0.17","0.17","42788"
"AZL","20000831","0.05","0.05","0.05","0.05","40000"
"BAE","20000831","0.068","0.068","0.06","0.06","1152060"
"BAH","20000831","0.30","0.30","0.30","0.30","19921"
"BAM","20000831","12.10","12.30","12.10","12.10","80167"
"BBB","20000831","0.69","0.71","0.69","0.69","142378"
"BBG","20000831","3.24","3.27","3.23","3.26","474323"
"BCD","20000831","0.44","0.44","0.425","0.425","47200"
"BCDOC","20000831","0.083","0.083","0.083","0.083","1000"
"BCH","20000831","0.365","0.365","0.355","0.365","61000"
"BDA","20000831","1.16","1.16","1.10","1.12","16041"
"BDG","20000831","0.185","0.19","0.18","0.18","241425"
"BDL","20000831","2.05","2.08","2.00","2.08","86223"
"BDS","20000831","1.22","1.25","1.22","1.22","14500"
"BEN","20000831","5.03","5.03","4.90","4.91","72866"
"BER","20000831","0.52","0.52","0.52","0.52","5000"
"BFLHA","20000831","88.30","88.30","88.20","88.20","400"
"BGD","20000831","0.20","0.20","0.20","0.20","110000"
"BGF","20000831","0.084","0.086","0.08","0.086","68400"
"BGN","20000831","1.71","1.73","1.67","1.70","67250"
"BHP","20000831","19.165","19.165","18.94","18.967","4410057"
"BHPIBL","20000831","11.81","11.81","11.81","11.81","1000"
"BHPWAB","20000831","0.285","0.285","0.28","0.28","113000"
"BHPWCB","20000831","0.405","0.405","0.405","0.405","47000"
"BHPWCQ","20000831","0.92","0.92","0.92","0.92","50000"
"BHPWFF","20000831","0.53","0.53","0.53","0.53","50000"
"BHPWMN","20000831","0.22","0.23","0.22","0.23","45000"
"BHPWPF","20000831","0.43","0.43","0.43","0.43","1300"
"BHPWPT","20000831","0.52","0.52","0.52","0.52","18000"
"BHPWXB","20000831","0.115","0.115","0.115","0.115","9000"
"BHPWZC","20000831","0.38","0.38","0.36","0.365","190000"
"BHPXXV","20000831","180.75","180.75","180.75","180.75","40"
"BIC","20000831","0.26","0.26","0.26","0.26","15948"
"BII","20000831","0.35","0.35","0.33","0.335","50704"
"BIL","20000831","48.757","49.50","48.55","49.208","762580"
"BILWMD","20000831","1.23","1.30","1.23","1.30","12200"
"BILWPA","20000831","0.76","0.85","0.76","0.84","70600"
"BIR","20000831","0.77","0.77","0.76","0.76","144609"
"BKL","20000831","7.00","7.00","6.90","6.90","3270"
"BKS","20000831","0.089","0.09","0.084","0.088","2281740"
"BKW","20000831","42.45","42.45","42.40","42.45","4253"
"BLD","20000831","2.14","2.14","2.12","2.129","1446520"
"BLO","20000831","0.145","0.155","0.145","0.155","691087"
"BLOR","20000831","0.074","0.08","0.071","0.08","621732"
"BLR","20000831","0.29","0.29","0.27","0.275","288825"
"BMC","20000831","0.69","0.70","0.64","0.65","1721091"
"BMX","20000831","0.17","0.17","0.165","0.165","59769"
"BNA","20000831","0.055","0.058","0.055","0.058","2468106"
"BNAO","20000831","0.018","0.018","0.018","0.018","200000"
"BNO","20000831","1.12","1.15","1.12","1.14","89833"
"BNOO","20000831","0.65","0.65","0.65","0.65","2333"
"BOBECE","20000831","0.28","0.28","0.26","0.26","18650"
"BOC","20000831","0.16","0.165","0.16","0.165","10000"
"BPC","20000831","0.47","0.47","0.455","0.46","813565"
"BPCO","20000831","0.275","0.275","0.27","0.27","831766"
"BPFHA","20000831","0.172","0.174","0.172","0.174","37386"
"BPT","20000831","0.039","0.039","0.038","0.038","747000"
"BPTO","20000831","0.017","0.017","0.017","0.017","269340"
"BQD","20000831","5.36","5.40","5.33","5.38","86796"
"BRI","20000831","0.30","0.30","0.295","0.30","150000"
"BRL","20000831","7.39","7.454","7.35","7.454","191781"
"BRN","20000831","0.25","0.31","0.25","0.31","231702"
"BRS","20000831","1.28","1.28","1.26","1.26","203759"
"BRY","20000831","0.315","0.32","0.305","0.31","421790"
"BRZ","20000831","2.28","2.28","2.22","2.25","134555"
"BSG","20000831","0.105","0.105","0.105","0.105","100000"
"BSN","20000831","0.175","0.175","0.175","0.175","23500"
"BSO","20000831","3.18","3.35","3.18","3.33","9855"
"BTA","20000831","4.40","4.40","4.35","4.36","39727"
"BTB","20000831","0.30","0.30","0.285","0.29","6400"
"BTC","20000831","0.42","0.42","0.37","0.405","595365"
"BTCO","20000831","0.105","0.11","0.096","0.105","379500"
"BTE","20000831","0.72","0.72","0.71","0.71","396600"
"BTG","20000831","1.09","1.10","1.09","1.10","21024"
"BTM","20000831","0.44","0.44","0.44","0.44","14700"
"BTO","20000831","1.40","1.40","1.37","1.394","467629"
"BTP","20000831","1.86","1.86","1.81","1.81","186375"
"BUG","20000831","0.62","0.63","0.62","0.62","16295"
"BWA","20000831","3.71","3.75","3.71","3.72","222445"
"BWI","20000831","0.79","0.79","0.79","0.79","4000"
"BWP","20000831","0.99","1.00","0.99","1.00","157478"
"BYI","20000831","0.72","0.72","0.70","0.72","37050"
"CAA","20000831","2.20","2.20","2.15","2.16","607069"
"CAB","20000831","2.45","2.50","2.45","2.50","19000"
"CAG","20000831","0.406","0.435","0.395","0.425","4244337"
"CAI","20000831","0.97","0.97","0.97","0.97","55000"
"CAO","20000831","0.29","0.30","0.29","0.30","173666"
"CAT","20000831","15.915","15.915","15.60","15.60","2678"
"CBA","20000831","28.45","28.45","27.65","27.683","6112583"
"CBAECE","20000831","20.12","20.12","20.12","20.12","500"
"CBAIBL","20000831","15.00","15.00","15.00","15.00","5000"
"CBAIDA","20000831","15.51","15.51","15.50","15.50","1500"
"CBAIMA","20000831","16.28","16.28","15.79","15.79","13700"
"CBAIMB","20000831","9.57","9.57","9.17","9.22","6500"
"CBAIMZ","20000831","5.78","5.78","5.74","5.74","11200"
"CBAINJ","20000831","6.08","6.08","5.62","5.67","121800"
"CBAISI","20000831","15.70","15.70","15.53","15.53","10230"
"CBAIXI","20000831","13.99","13.99","13.49","13.50","7000"
"CBAWMC","20000831","0.485","0.485","0.46","0.465","88548"
"CBAWPC","20000831","0.485","0.485","0.43","0.43","73000"
"CBAWXA","20000831","0.91","0.91","0.78","0.78","84000"
"CBD","20000831","0.14","0.145","0.14","0.145","56500"
"CBI","20000831","1.32","1.32","1.32","1.32","6225"
"CBO","20000831","0.078","0.078","0.075","0.075","175000"
"CBS","20000831","10.255","10.255","10.02","10.04","30612"
"CBT","20000831","0.155","0.155","0.15","0.15","636484"
"CBTO","20000831","0.088","0.088","0.088","0.088","4500"
"CBW","20000831","0.73","0.74","0.71","0.71","33065"
"CCH","20000831","0.135","0.135","0.135","0.135","10000"
"CCK","20000831","2.07","2.10","2.01","2.10","16300"
"CCL","20000831","3.97","3.97","3.90","3.94","634605"
"CCLWSC","20000831","0.40","0.40","0.40","0.40","1500"
"CCO","20000831","0.54","0.57","0.54","0.57","279300"
"CCOOA","20000831","0.335","0.35","0.335","0.345","182300"
"CCV","20000831","0.075","0.075","0.075","0.075","70705"
"CDF","20000831","1.22","1.22","1.21","1.22","11594"
"CDO","20000831","1.31","1.34","1.31","1.31","186420"
"CDP","20000831","2.00","2.00","2.00","2.00","16752"
"CDX","20000831","2.50","2.50","2.50","2.50","31000"
"CED","20000831","0.83","0.85","0.83","0.85","4500"
"CEL","20000831","0.16","0.16","0.155","0.155","24842"
"CEP","20000831","2.84","2.85","2.80","2.82","656153"
"CEQ","20000831","2.24","2.25","2.22","2.22","38944"
"CEW","20000831","2.61","2.74","2.58","2.74","55620"
"CEWG","20000831","1.005","1.005","1.005","1.005","8000"
"CEWO","20000831","0.85","0.85","0.85","0.85","1666"
"CEY","20000831","0.69","0.69","0.69","0.69","26178"
"CFR","20000831","0.042","0.042","0.041","0.041","450000"
"CFT","20000831","2.15","2.15","2.09","2.09","467454"
"CGB","20000831","0.21","0.215","0.21","0.215","44630"
"CHF","20000831","1.11","1.12","0.98","0.99","1837188"
"CHFOA","20000831","0.81","0.81","0.71","0.75","54840"
"CHL","20000831","0.175","0.175","0.175","0.175","10000"
"CHQ","20000831","1.22","1.23","1.22","1.23","9060"
"CHQO","20000831","0.26","0.26","0.26","0.26","421"
"CHS","20000831","0.32","0.36","0.32","0.36","108646"
"CHY","20000831","1.369","1.369","1.36","1.36","2857"
"CIH","20000831","0.071","0.075","0.071","0.075","6000"
"CIR","20000831","4.57","4.59","4.56","4.56","31325"
"CIS","20000831","0.08","0.08","0.075","0.075","60000"
"CIT","20000831","1.32","1.32","1.29","1.29","749775"
"CITN","20000831","1.32","1.32","1.25","1.28","90222"
"CLI","20000831","4.40","4.44","4.39","4.40","597580"
"CLK","20000831","0.83","0.83","0.83","0.83","5000"
"CLL","20000831","2.15","2.15","2.15","2.15","304"
"CLO","20000831","0.61","0.62","0.60","0.60","75968"
"CLT","20000831","2.38","2.39","2.38","2.38","53500"
"CLV","20000831","0.46","0.46","0.45","0.45","141944"
"CMI","20000831","1.21","1.23","1.20","1.20","28500"
"CMIN","20000831","1.06","1.06","1.06","1.06","3147"
"CML","20000831","7.242","7.28","7.19","7.22","1903554"
"CMLIBL","20000831","2.79","2.79","2.78","2.78","18000"
"CMLIPA","20000831","2.31","2.31","2.31","2.31","19000"
"CMQ","20000831","0.425","0.425","0.41","0.41","33000"
"CMRO","20000831","0.22","0.22","0.22","0.22","10224"
"CMS","20000831","0.385","0.40","0.385","0.40","252231"
"CMSO","20000831","0.29","0.29","0.28","0.28","179800"
"CMX","20000831","0.072","0.072","0.072","0.072","10000"
"CMZ","20000831","0.17","0.18","0.16","0.17","693000"
"CND","20000831","2.57","2.60","2.48","2.48","28600"
"CNF","20000831","0.074","0.075","0.074","0.075","38424"
"CNG","20000831","0.285","0.29","0.285","0.285","25233"
"CNM","20000831","0.032","0.032","0.032","0.032","150000"
"CNMO","20000831","0.008","0.008","0.007","0.007","900000"
"CNN","20000831","0.16","0.16","0.145","0.145","97852"
"CNNO","20000831","0.055","0.055","0.05","0.05","492500"
"CNT","20000831","0.115","0.115","0.11","0.11","149000"
"CNTO","20000831","0.042","0.042","0.04","0.04","66900"
"COA","20000831","1.63","1.64","1.60","1.64","196624"
"COG","20000831","0.06","0.06","0.06","0.06","5000"
"COH","20000831","29.00","29.00","28.42","28.746","44479"
"COM","20000831","0.70","0.70","0.68","0.70","50858"
"COP","20000831","0.015","0.015","0.014","0.014","635000"
"CPA","20000831","0.96","0.96","0.95","0.955","1053044"
"CPB","20000831","4.77","4.77","4.77","4.77","1000"
"CPC","20000831","0.335","0.335","0.335","0.335","24126"
"CPH","20000831","0.83","0.83","0.81","0.81","232894"
"CPHCA","20000831","0.72","0.73","0.70","0.71","552022"
"CPI","20000831","2.03","2.03","2.01","2.01","23619"
"CPIPA","20000831","2.57","2.57","2.56","2.56","18700"
"CPM","20000831","3.95","3.99","3.95","3.99","98821"
"CPU","20000831","8.13","8.20","8.13","8.20","867696"
"CPUWCA","20000831","0.95","0.98","0.95","0.98","32600"
"CPUWCP","20000831","0.21","0.21","0.21","0.21","200000"
"CPXXMG","20000831","1043.00","1043.00","1039.00","1039.00","82"
"CQT","20000831","0.17","0.17","0.16","0.16","100980"
"CRG","20000831","8.46","8.56","8.46","8.50","103959"
"CRL","20000831","0.55","0.55","0.55","0.55","63800"
"CROHB","20000831","105.55","106.00","105.55","106.00","150"
"CRS","20000831","0.365","0.365","0.355","0.355","166500"
"CRU","20000831","0.36","0.37","0.335","0.335","30000"
"CSA","20000831","0.11","0.13","0.105","0.11","10223069"
"CSB","20000831","0.84","0.84","0.82","0.82","49855"
"CSI","20000831","0.20","0.20","0.195","0.20","154139"
"CSL","20000831","36.306","36.306","35.25","35.527","236944"
"CSM","20000831","0.46","0.46","0.46","0.46","106000"
"CSR","20000831","4.41","4.44","4.37","4.40","2356869"
"CSRWXA","20000831","0.295","0.295","0.295","0.295","4000"
"CSY","20000831","0.15","0.155","0.15","0.155","110000"
"CSYO","20000831","0.052","0.052","0.051","0.051","41000"
"CTC","20000831","0.77","0.77","0.77","0.77","11000"
"CTI","20000831","0.98","1.00","0.98","1.00","15670"
"CTL","20000831","6.291","6.291","6.05","6.20","90328"
"CTO","20000831","0.058","0.058","0.056","0.056","100000"
"CTRDA","20000831","1.40","1.40","1.35","1.40","59149"
"CTT","20000831","0.58","0.62","0.58","0.62","46000"
"CTX","20000831","2.894","2.90","2.83","2.85","230607"
"CUE","20000831","0.042","0.042","0.042","0.042","8250"
"CUL","20000831","0.03","0.03","0.028","0.03","264814"
"CVC","20000831","0.66","0.66","0.62","0.62","19450"
"CVI","20000831","1.20","1.22","1.20","1.22","18200"
"CVN","20000831","0.066","0.066","0.065","0.065","301700"
"CWO","20000831","4.60","4.65","4.49","4.62","9508951"
"CWOEMG","20000831","3.53","3.53","3.53","3.53","1820"
"CWOIBL","20000831","2.62","2.62","2.62","2.62","5000"
"CWOWAA","20000831","0.245","0.27","0.245","0.27","60000"
"CWOWCB","20000831","0.32","0.335","0.30","0.335","49000"
"CWOWDG","20000831","0.31","0.325","0.31","0.325","76000"
"CWOWFE","20000831","0.185","0.185","0.185","0.185","300000"
"CWOWMI","20000831","0.005","0.005","0.005","0.005","20000"
"CWOWPE","20000831","0.185","0.195","0.175","0.18","399000"
"CWOWPF","20000831","0.41","0.41","0.405","0.405","40000"
"CWOWSH","20000831","0.28","0.28","0.22","0.26","483800"
"CXA","20000831","0.215","0.215","0.20","0.20","212265"
"CXL","20000831","0.096","0.096","0.094","0.094","170000"
"CXLOA","20000831","0.022","0.022","0.022","0.022","25000"
"CXP","20000831","7.62","7.62","7.46","7.53","23658"
"CYB","20000831","0.008","0.009","0.008","0.008","1600000"
"CYG","20000831","4.10","4.24","4.10","4.24","15095"
"DAD","20000831","4.66","4.67","4.57","4.65","242446"
"DAH","20000831","0.18","0.20","0.175","0.20","122852"
"DAR","20000831","0.54","0.54","0.54","0.54","2409"
"DAY","20000831","0.97","0.98","0.95","0.98","68533"
"DCS","20000831","0.67","0.67","0.56","0.61","117900"
"DEFOB","20000831","0.01","0.01","0.01","0.01","50000"
"DEL","20000831","6.15","6.16","6.10","6.10","32700"
"DEM","20000831","0.275","0.275","0.275","0.275","50000"
"DFT","20000831","0.14","0.14","0.135","0.135","242500"
"DGD","20000831","1.38","1.39","1.34","1.36","1295423"
"DGM","20000831","0.01","0.011","0.01","0.011","5215489"
"DGN","20000831","0.92","0.92","0.85","0.86","443943"
"DIO","20000831","0.062","0.062","0.06","0.06","1315333"
"DJS","20000831","1.36","1.37","1.35","1.36","1247078"
"DJW","20000831","3.29","3.30","3.28","3.28","21573"
"DJWG","20000831","3.94","3.94","3.94","3.94","19013"
"DLS","20000831","0.049","0.049","0.049","0.049","20400"
"DNI","20000831","1.42","1.46","1.42","1.43","57140"
"DNS","20000831","0.047","0.047","0.046","0.046","55000"
"DOM","20000831","0.40","0.40","0.40","0.40","15500"
"DRA","20000831","0.06","0.061","0.06","0.061","50500"
"DRE","20000831","0.59","0.59","0.56","0.58","87479"
"DRN","20000831","0.06","0.067","0.057","0.064","486100"
"DSW","20000831","0.057","0.059","0.057","0.057","319856"
"DTL","20000831","1.11","1.11","1.10","1.10","5585"
"DUI","20000831","1.58","1.58","1.58","1.58","108"
"DVD","20000831","0.455","0.49","0.455","0.485","418970"
"DVDPA","20000831","0.77","0.79","0.76","0.79","178000"
"DVN","20000831","0.225","0.225","0.22","0.22","89217"
"DVT","20000831","1.36","1.36","1.28","1.31","3670470"
"DVTWMB","20000831","0.40","0.40","0.375","0.375","28300"
"EAM","20000831","1.60","1.60","1.60","1.60","3200"
"EBR","20000831","0.257","0.257","0.245","0.25","77500"
"EBT","20000831","0.32","0.33","0.305","0.31","162738"
"ECE","20000831","0.082","0.082","0.079","0.081","584724"
"ECL","20000831","0.087","0.087","0.087","0.087","102123"
"ECLOA","20000831","0.014","0.015","0.014","0.015","460000"
"ECM","20000831","0.21","0.21","0.21","0.21","40125"
"ECP","20000831","2.50","2.60","2.50","2.514","327080"
"ECPWGA","20000831","0.45","0.45","0.45","0.45","12500"
"ECU","20000831","0.089","0.089","0.085","0.085","224000"
"EDI","20000831","2.14","2.15","2.02","2.05","286046"
"EEC","20000831","0.105","0.105","0.10","0.10","168500"
"EEL","20000831","0.85","0.90","0.85","0.90","17000"
"EFC","20000831","0.33","0.34","0.33","0.34","115527"
"EFCO","20000831","0.07","0.07","0.07","0.07","52000"
"EFN","20000831","0.713","0.72","0.70","0.70","77650"
"EFNO","20000831","0.57","0.57","0.54","0.54","8300"
"EGL","20000831","0.12","0.12","0.12","0.12","60000"
"EGO","20000831","0.12","0.12","0.12","0.12","10000"
"EGOO","20000831","0.038","0.038","0.038","0.038","50000"
"EHY","20000831","0.15","0.155","0.15","0.15","646000"
"EIS","20000831","0.19","0.19","0.185","0.19","353798"
"ELE","20000831","0.28","0.28","0.26","0.26","207063"
"EMI","20000831","0.59","0.59","0.57","0.57","36499"
"EML","20000831","3.058","3.06","3.03","3.03","579967"
"EMM","20000831","0.22","0.22","0.21","0.22","70000"
"EMP","20000831","0.38","0.38","0.37","0.38","17640"
"ENE","20000831","10.65","10.65","10.30","10.55","129599"
"ENV","20000831","0.843","0.85","0.83","0.84","170690"
"EQI","20000831","0.32","0.32","0.32","0.32","40340"
"EQL","20000831","0.145","0.145","0.14","0.14","47500"
"EQR","20000831","0.082","0.082","0.08","0.08","149700"
"EQS","20000831","0.145","0.145","0.14","0.14","232400"
"ERA","20000831","2.75","2.75","2.74","2.75","10325"
"ERG","20000831","10.35","10.35","9.97","10.246","967419"
"ERGG","20000831","14.40","14.40","14.40","14.40","5750"
"ERGWDB","20000831","0.53","0.55","0.52","0.52","31415"
"ERGWNA","20000831","0.175","0.175","0.175","0.175","105000"
"ESI","20000831","0.24","0.24","0.24","0.24","119612"
"ESL","20000831","1.62","1.62","1.55","1.55","10000"
"ESLOA","20000831","0.11","0.11","0.11","0.11","2500"
"ESMCA","20000831","0.51","0.51","0.51","0.51","500"
"EST","20000831","0.35","0.385","0.35","0.385","94900"
"ESTO","20000831","0.104","0.11","0.104","0.105","92050"
"ESX","20000831","0.40","0.415","0.39","0.415","111971"
"ETR","20000831","2.34","2.40","2.25","2.40","118301"
"ETW","20000831","1.08","1.08","1.06","1.06","34485"
"ETWPA","20000831","0.87","0.89","0.87","0.87","8800"
"EWL","20000831","0.37","0.39","0.37","0.38","55000"
"EXO","20000831","0.22","0.22","0.205","0.205","24000"
"EXS","20000831","0.11","0.11","0.11","0.11","1140"
"EZE","20000831","0.255","0.26","0.24","0.26","57044"
"EZL","20000831","0.52","0.52","0.52","0.52","3200"
"EZY","20000831","0.43","0.44","0.425","0.425","53990"
"FAN","20000831","1.205","1.27","1.20","1.23","247000"
"FAR","20000831","0.165","0.165","0.15","0.15","848397"
"FAROA","20000831","0.022","0.022","0.022","0.022","36488"
"FBG","20000831","4.14","4.14","4.08","4.10","10288375"
"FBGECE","20000831","3.10","3.10","2.61","2.61","1400"
"FBGIBL","20000831","1.66","1.66","1.65","1.66","15000"
"FBGIDA","20000831","1.78","1.78","1.78","1.78","8350"
"FBGIMA","20000831","1.95","1.95","1.95","1.95","31500"
"FBGIMB","20000831","0.99","1.00","0.98","0.98","50500"
"FBGINI","20000831","0.79","0.79","0.75","0.75","30500"
"FBGISJ","20000831","1.92","1.92","1.91","1.91","5000"
"FBGWMC","20000831","0.085","0.085","0.07","0.07","105000"
"FBGWPC","20000831","0.11","0.115","0.10","0.10","617000"
"FBGWSD","20000831","0.08","0.08","0.08","0.08","50000"
"FCL","20000831","1.67","1.68","1.63","1.63","1660970"
"FCLGA","20000831","2.18","2.18","2.17","2.17","23290"
"FDR","20000831","2.50","2.59","2.48","2.59","34286"
"FEA","20000831","0.53","0.55","0.53","0.55","23000"
"FEC","20000831","3.20","3.20","3.20","3.20","500"
"FFL","20000831","1.08","1.08","1.06","1.06","28427"
"FGR","20000831","0.034","0.034","0.034","0.034","2000"
"FHF","20000831","9.42","9.42","9.03","9.20","543663"
"FHL","20000831","3.15","3.15","3.10","3.15","14000"
"FIF","20000831","4.72","4.72","4.69","4.72","244255"
"FIFO","20000831","0.185","0.195","0.185","0.195","1479"
"FIM","20000831","0.12","0.12","0.11","0.115","61600"
"FIT","20000831","1.32","1.32","1.32","1.32","3500"
"FKP","20000831","1.01","1.01","0.99","1.00","44531"
"FLCES","20000831","6.70","6.72","6.60","6.60","41813"
"FLCFS","20000831","0.63","0.63","0.60","0.62","148350"
"FLE","20000831","0.27","0.27","0.27","0.27","3703"
"FLK","20000831","0.64","0.64","0.64","0.64","10938"
"FLT","20000831","22.55","22.60","22.50","22.50","18242"
"FMH","20000831","2.24","2.25","2.21","2.21","653491"
"FNC","20000831","2.39","2.45","2.39","2.45","9000"
"FOA","20000831","7.39","7.43","7.32","7.40","119327"
"FPF","20000831","0.93","0.95","0.93","0.95","56972"
"FPG","20000831","0.59","0.59","0.59","0.59","13451"
"FRI","20000831","0.285","0.285","0.285","0.285","24130"
"FRM","20000831","0.60","0.60","0.60","0.60","10000"
"FRU","20000831","1.693","1.693","1.65","1.65","18756"
"FSL","20000831","0.093","0.10","0.093","0.094","105148"
"FST","20000831","2.42","2.44","2.41","2.42","156783"
"FSTCD","20000831","2.60","2.60","2.60","2.60","7000"
"FTR","20000831","0.335","0.34","0.325","0.335","181300"
"FWD","20000831","1.34","1.35","1.34","1.35","50039"
"FWF","20000831","0.42","0.42","0.42","0.42","1500"
"FXJ","20000831","5.095","5.10","5.05","5.09","967094"
"FXJWMC","20000831","0.59","0.59","0.59","0.59","40000"
"GAN","20000831","1.14","1.14","1.12","1.13","1542543"
"GBG","20000831","0.135","0.135","0.135","0.135","15000"
"GBL","20000831","0.45","0.46","0.45","0.45","114920"
"GBS","20000831","0.185","0.185","0.185","0.185","26000"
"GBSOA","20000831","0.105","0.105","0.105","0.105","100"
"GCR","20000831","0.11","0.11","0.11","0.11","45000"
"GDH","20000831","0.14","0.14","0.14","0.14","44500"
"GDM","20000831","0.45","0.45","0.435","0.45","44000"
"GDN","20000831","0.09","0.09","0.086","0.086","82900"
"GDP","20000831","5.60","5.63","5.48","5.56","63928"
"GDPOA","20000831","3.65","3.75","3.60","3.70","14609"
"GEC","20000831","0.14","0.14","0.14","0.14","20000"
"GEE","20000831","1.57","1.57","1.57","1.57","10900"
"GEG","20000831","0.78","0.79","0.78","0.79","52503"
"GEL","20000831","0.20","0.20","0.195","0.195","133850"
"GFA","20000831","3.50","3.50","3.50","3.50","1360"
"GFD","20000831","0.51","0.52","0.50","0.50","45803"
"GFDPA","20000831","0.51","0.51","0.50","0.50","22080"
"GGS","20000831","0.022","0.024","0.022","0.022","1127410"
"GGY","20000831","0.05","0.05","0.048","0.048","760500"
"GGYO","20000831","0.014","0.014","0.014","0.014","175000"
"GGYOA","20000831","0.008","0.008","0.008","0.008","95000"
"GHG","20000831","1.16","1.16","1.15","1.16","275179"
"GHP","20000831","1.34","1.34","1.31","1.33","323461"
"GHR","20000831","0.091","0.091","0.091","0.091","37500"
"GIL","20000831","0.30","0.30","0.30","0.30","4000"
"GIOCDC","20000831","5.33","5.33","5.33","5.33","2792"
"GIP","20000831","0.135","0.14","0.135","0.14","60000"
"GKRO","20000831","0.10","0.10","0.10","0.10","57000"
"GKRR","20000831","0.005","0.005","0.005","0.005","100000"
"GKRRA","20000831","0.06","0.065","0.06","0.065","430000"
"GLD","20000831","1.459","1.47","1.45","1.46","784820"
"GLP","20000831","0.062","0.062","0.06","0.06","322822"
"GME","20000831","0.057","0.057","0.057","0.057","100000"
"GMF","20000831","1.25","1.26","1.22","1.236","7153044"
"GMS","20000831","0.33","0.33","0.33","0.33","64000"
"GNC","20000831","8.89","8.98","8.89","8.95","35263"
"GNR","20000831","0.071","0.071","0.071","0.071","50000"
"GNS","20000831","2.45","2.54","2.45","2.50","25757"
"GOC","20000831","0.135","0.14","0.125","0.14","493000"
"GOD","20000831","0.074","0.078","0.074","0.078","110000"
"GODO","20000831","0.014","0.014","0.014","0.014","208805"
"GOW","20000831","1.91","1.91","1.90","1.90","12097"
"GPN","20000831","0.061","0.061","0.058","0.058","350000"
"GPNO","20000831","0.02","0.02","0.02","0.02","1375000"
"GPO","20000831","0.19","0.19","0.19","0.19","3000"
"GPT","20000831","2.65","2.69","2.62","2.62","1369705"
"GRD","20000831","0.96","0.98","0.96","0.98","12704"
"GRDPA","20000831","1.07","1.07","1.03","1.07","110000"
"GRN","20000831","0.089","0.09","0.089","0.09","160000"
"GRO","20000831","3.05","3.06","2.60","2.745","2639568"
"GRT","20000831","1.02","1.02","1.02","1.02","8000"
"GSE","20000831","0.11","0.11","0.105","0.105","74690"
"GSEO","20000831","0.039","0.039","0.038","0.038","70000"
"GSP","20000831","1.13","1.16","1.13","1.16","60845"
"GSTCP","20000831","0.275","0.275","0.27","0.27","26073"
"GSTIN","20000831","2.45","2.45","2.38","2.38","5956"
"GTIO","20000831","0.039","0.039","0.039","0.039","100000"
"GTM","20000831","0.048","0.048","0.045","0.045","2643551"
"GTMN","20000831","0.047","0.047","0.045","0.045","497425"
"GTMO","20000831","0.019","0.019","0.018","0.019","901873"
"GTN","20000831","0.35","0.35","0.30","0.30","19868"
"GTP","20000831","2.43","2.43","2.35","2.40","50271"
"GUD","20000831","1.81","1.81","1.76","1.80","77250"
"GUL","20000831","0.055","0.055","0.053","0.055","521218"
"GUN","20000831","0.11","0.11","0.11","0.11","100000"
"GVM","20000831","0.048","0.049","0.048","0.049","50000"
"GWT","20000831","2.19","2.19","2.10","2.19","396948"
"GYM","20000831","0.365","0.365","0.365","0.365","10000"
"GZL","20000831","2.30","2.30","2.30","2.30","12000"
"HAH","20000831","3.70","3.72","3.64","3.666","939067"
"HAM","20000831","2.31","2.55","2.31","2.55","5400"
"HAN","20000831","10.40","10.40","10.36","10.40","4559"
"HAO","20000831","0.105","0.105","0.105","0.105","1000"
"HBL","20000831","0.30","0.305","0.30","0.305","20000"
"HBR","20000831","0.60","0.60","0.60","0.60","1636"
"HBRO","20000831","0.04","0.04","0.04","0.04","7333"
"HCN","20000831","1.33","1.34","1.27","1.28","113004"
"HDR","20000831","0.295","0.295","0.28","0.28","833736"
"HDRO","20000831","0.11","0.11","0.10","0.10","470811"
"HEI","20000831","0.10","0.10","0.10","0.10","1500"
"HER","20000831","0.33","0.35","0.33","0.35","16369"
"HFY","20000831","1.02","1.02","0.98","0.98","76839"
"HGR","20000831","0.20","0.20","0.20","0.20","18000"
"HIC","20000831","0.56","0.57","0.56","0.57","30500"
"HICO","20000831","0.08","0.08","0.08","0.08","28750"
"HIG","20000831","0.22","0.22","0.21","0.21","57100"
"HIH","20000831","1.04","1.05","1.02","1.02","683341"
"HIHG","20000831","4.18","4.19","4.18","4.19","642"
"HIL","20000831","2.65","2.65","2.62","2.65","102047"
"HIT","20000831","0.75","0.77","0.73","0.75","325733"
"HLL","20000831","0.065","0.066","0.065","0.066","17900"
"HLM","20000831","0.24","0.24","0.23","0.23","176732"
"HLX","20000831","0.26","0.26","0.25","0.25","90000"
"HLY","20000831","4.17","4.18","4.12","4.14","26060"
"HMC","20000831","0.077","0.09","0.077","0.079","3147500"
"HNG","20000831","1.22","1.22","1.21","1.21","15000"
"HPL","20000831","2.02","2.02","1.97","1.97","54119"
"HRD","20000831","0.58","0.58","0.55","0.55","134900"
"HRP","20000831","1.41","1.41","1.39","1.39","173892"
"HRR","20000831","0.375","0.375","0.365","0.37","526874"
"HRT","20000831","0.265","0.27","0.265","0.265","38200"
"HRZ","20000831","0.215","0.24","0.215","0.24","40000"
"HSL","20000831","1.35","1.36","1.35","1.35","19393"
"HSN","20000831","2.40","2.45","2.30","2.30","43977"
"HSP","20000831","0.56","0.57","0.55","0.57","184250"
"HTA","20000831","2.82","2.87","2.81","2.84","281252"
"HTE","20000831","0.11","0.12","0.11","0.115","593229"
"HTS","20000831","1.401","1.401","1.38","1.39","61893"
"HUG","20000831","0.20","0.20","0.20","0.20","11306"
"HVN","20000831","3.875","3.88","3.76","3.88","1410517"
"HWE","20000831","1.30","1.30","1.27","1.27","99086"
"HWI","20000831","0.89","0.89","0.88","0.88","52250"
"HWT","20000831","0.914","0.914","0.89","0.89","20423"
"HZA","20000831","0.74","0.75","0.74","0.75","15000"
"IAM","20000831","1.32","1.37","1.32","1.35","8131"
"IAS","20000831","0.55","0.56","0.54","0.54","43756"
"IBA","20000831","0.86","0.86","0.76","0.80","212072"
"ICE","20000831","0.275","0.275","0.275","0.275","20000"
"ICM","20000831","1.07","1.07","1.03","1.03","72270"
"ICN","20000831","0.115","0.115","0.11","0.115","270000"
"ICS","20000831","0.75","0.75","0.75","0.75","2150"
"ICT","20000831","4.95","4.95","4.94","4.94","2007"
"ICW","20000831","2.55","2.55","2.55","2.55","2500"
"IDT","20000831","4.65","4.74","4.55","4.55","40322"
"IEQ","20000831","0.02","0.02","0.02","0.02","50000"
"IFBISA","20000831","15.61","15.61","15.61","15.61","1280"
"IFM","20000831","2.257","2.35","2.17","2.21","559339"
"IGM","20000831","0.07","0.07","0.056","0.06","106013"
"IGP","20000831","3.40","3.40","3.40","3.40","50000"
"IHG","20000831","1.028","1.10","1.028","1.08","743527"
"IHY","20000831","0.375","0.385","0.37","0.37","380358"
"IHYOB","20000831","0.245","0.245","0.235","0.235","241623"
"IIN","20000831","0.93","0.93","0.90","0.90","21300"
"IIT","20000831","1.48","1.49","1.47","1.47","38390"
"ILH","20000831","0.13","0.13","0.13","0.13","100000"
"ILU","20000831","4.63","4.63","4.46","4.47","260794"
"IMD","20000831","0.13","0.13","0.13","0.13","92633"
"IMI","20000831","0.18","0.18","0.18","0.18","8000"
"IMIO","20000831","0.05","0.05","0.05","0.05","2500"
"IMM","20000831","0.15","0.15","0.145","0.145","96500"
"IMP","20000831","0.074","0.074","0.07","0.07","275107"
"IMPOB","20000831","0.034","0.036","0.034","0.036","515000"
"INC","20000831","0.39","0.40","0.38","0.38","65660"
"INF","20000831","0.30","0.30","0.295","0.295","213500"
"INFOA","20000831","0.055","0.055","0.055","0.055","17500"
"INM","20000831","0.032","0.033","0.03","0.031","3500725"
"INV","20000831","0.31","0.31","0.31","0.31","30000"
"ION","20000831","0.50","0.51","0.49","0.49","72200"
"IPH","20000831","2.00","2.00","1.97","1.97","42129"
"IRC","20000831","0.079","0.08","0.079","0.08","126526"
"ISC","20000831","0.68","0.70","0.66","0.68","279638"
"ISCO","20000831","0.12","0.135","0.11","0.11","118508"
"ISE","20000831","0.20","0.22","0.20","0.22","129941"
"ISP","20000831","0.11","0.115","0.11","0.115","77891"
"ISY","20000831","0.14","0.14","0.135","0.14","943458"
"ISYO","20000831","0.078","0.078","0.07","0.075","616200"
"ISYOA","20000831","0.056","0.056","0.056","0.056","13000"
"ITC","20000831","0.11","0.11","0.105","0.11","273070"
"ITCOA","20000831","0.025","0.025","0.025","0.025","40000"
"ITE","20000831","0.83","0.84","0.83","0.83","13900"
"ITL","20000831","0.69","0.69","0.69","0.69","5000"
"ITP","20000831","0.235","0.235","0.235","0.235","16820"
"IWF","20000831","1.26","1.28","1.26","1.28","91000"
"IWI","20000831","1.95","1.95","1.95","1.95","7226"
"IWL","20000831","0.34","0.345","0.33","0.33","149924"
"IXL","20000831","1.00","1.00","0.95","0.95","177423"
"JBM","20000831","1.50","1.55","1.47","1.50","333517"
"JCMGA","20000831","25.60","25.60","25.40","25.40","2250"
"JCMGB","20000831","4.21","4.21","4.10","4.10","55300"
"JJS","20000831","0.99","0.99","0.97","0.97","21900"
"JLA","20000831","0.19","0.195","0.18","0.18","203940"
"JUM","20000831","0.062","0.069","0.062","0.068","382000"
"JUP","20000831","3.38","3.38","3.34","3.38","152485"
"JYC","20000831","1.01","1.01","1.01","1.01","1800"
"KAZ","20000831","0.78","0.80","0.77","0.79","164759"
"KBO","20000831","0.14","0.175","0.14","0.175","3236531"
"KBOO","20000831","0.048","0.06","0.047","0.06","251940"
"KCG","20000831","0.27","0.27","0.26","0.26","19562"
"KCN","20000831","0.68","0.68","0.68","0.68","167500"
"KGM","20000831","0.195","0.195","0.195","0.195","10000"
"KIC","20000831","3.40","3.50","3.40","3.50","14420"
"KID","20000831","0.173","0.18","0.173","0.18","51285"
"KIM","20000831","0.275","0.275","0.25","0.27","575500"
"KIMCA","20000831","0.158","0.158","0.14","0.145","176625"
"KIMCE","20000831","0.16","0.16","0.16","0.16","14800"
"KIMO","20000831","0.06","0.06","0.054","0.055","666125"
"KMN","20000831","0.042","0.042","0.042","0.042","50000"
"KRSG","20000831","0.60","0.60","0.60","0.60","13250"
"KRZ","20000831","0.029","0.029","0.027","0.028","1185165"
"KRZOA","20000831","0.009","0.01","0.009","0.01","844015"
"KSC","20000831","1.65","1.70","1.65","1.70","21900"
"KSM","20000831","0.235","0.235","0.225","0.225","863061"
"KSP","20000831","0.14","0.14","0.125","0.125","77480"
"KYC","20000831","12.231","12.24","11.68","12.00","68588"
"KZL","20000831","0.32","0.32","0.315","0.315","53300"
"LAC","20000831","9.10","9.30","8.998","8.998","66273"
"LACO","20000831","1.99","2.00","1.99","2.00","10134"
"LACPA","20000831","9.10","9.30","9.10","9.30","4034"
"LAF","20000831","0.105","0.105","0.105","0.105","11000"
"LAK","20000831","0.86","0.86","0.84","0.84","9050"
"LCH","20000831","0.48","0.48","0.455","0.475","46500"
"LCO","20000831","0.80","0.80","0.80","0.80","17600"
"LDW","20000831","1.12","1.12","1.12","1.12","1220"
"LEI","20000831","6.40","6.45","6.36","6.42","360094"
"LEL","20000831","0.66","0.66","0.65","0.66","28500"
"LGO","20000831","0.029","0.029","0.028","0.028","100000"
"LHG","20000831","0.67","0.68","0.66","0.66","1850594"
"LIB","20000831","0.18","0.195","0.17","0.175","6424909"
"LKO","20000831","0.039","0.039","0.038","0.038","686341"
"LLC","20000831","20.40","20.50","20.30","20.451","743066"
"LLCWMD","20000831","0.355","0.36","0.355","0.36","60000"
"LNN","20000831","3.55","3.55","3.50","3.55","1331017"
"LOK","20000831","1.45","1.46","1.43","1.43","2074671"
"LON","20000831","0.265","0.265","0.25","0.25","14333"
"LUM","20000831","0.27","0.27","0.27","0.27","10000"
"LUOCA","20000831","0.94","0.95","0.94","0.94","196365"
"LYC","20000831","0.255","0.255","0.24","0.24","31600"
"LYCOB","20000831","0.057","0.06","0.057","0.06","206820"
"MAG","20000831","1.80","1.80","1.80","1.80","11000"
"MAH","20000831","0.13","0.135","0.13","0.13","340721"
"MAHPA","20000831","0.22","0.23","0.22","0.23","87000"
"MAQ","20000831","2.20","2.25","2.10","2.15","24039"
"MAX","20000831","1.09","1.10","1.08","1.08","38000"
"MAY","20000831","3.96","3.99","3.95","3.98","898455"
"MAYCE","20000831","8.75","8.75","8.75","8.75","2000"
"MAYWGA","20000831","0.22","0.22","0.22","0.22","5000"
"MAYWXC","20000831","0.71","0.72","0.71","0.72","104500"
"MAYXDC","20000831","8.40","8.50","8.40","8.40","5000"
"MBG","20000831","0.088","0.088","0.085","0.088","191862"
"MBL","20000831","27.582","27.582","26.55","27.00","267235"
"MBLHB","20000831","99.00","99.45","99.00","99.45","1030"
"MBLIXI","20000831","15.34","15.34","14.57","14.57","1750"
"MBLPA","20000831","106.00","106.00","106.00","106.00","37500"
"MBLWGA","20000831","0.89","0.89","0.89","0.89","10000"
"MBM","20000831","0.20","0.20","0.19","0.19","92175"
"MBP","20000831","0.52","0.53","0.51","0.52","103292"
"MBPO","20000831","0.38","0.38","0.38","0.38","20000"
"MBX","20000831","0.13","0.135","0.13","0.13","130826"
"MCA","20000831","1.16","1.18","1.15","1.17","38665"
"MCAO","20000831","0.51","0.51","0.51","0.51","833"
"MCL","20000831","0.283","0.285","0.275","0.275","56762"
"MCP","20000831","1.43","1.43","1.40","1.40","119905"
"MCR","20000831","0.089","0.089","0.07","0.07","451200"
"MCW","20000831","1.42","1.43","1.42","1.42","296532"
"MDC","20000831","1.52","1.52","1.52","1.52","10000"
"MDL","20000831","0.245","0.245","0.24","0.24","216957"
"MDN","20000831","0.048","0.048","0.048","0.048","4000"
"MED","20000831","0.255","0.27","0.255","0.27","66331"
"MEE","20000831","0.09","0.09","0.09","0.09","115000"
"MEEO","20000831","0.03","0.03","0.03","0.03","27528"
"MEM","20000831","1.00","1.00","1.00","1.00","1238"
"MFL","20000831","0.19","0.19","0.19","0.19","255000"
"MGD","20000831","0.18","0.18","0.18","0.18","35"
"MGR","20000831","3.68","3.69","3.62","3.64","978877"
"MIA","20000831","1.28","1.30","1.28","1.28","261875"
"MIC","20000831","0.04","0.04","0.038","0.038","150000"
"MIG","20000831","1.65","1.66","1.60","1.65","1944739"
"MIK","20000831","0.18","0.18","0.16","0.175","132407"
"MIM","20000831","1.20","1.20","1.13","1.14","10309693"
"MIMWAA","20000831","0.30","0.30","0.25","0.25","357000"
"MIMWCA","20000831","0.06","0.06","0.06","0.06","10000"
"MIMWDG","20000831","0.045","0.05","0.045","0.05","122000"
"MIMWDI","20000831","0.22","0.22","0.19","0.19","105000"
"MIMWMC","20000831","0.093","0.093","0.093","0.093","5000"
"MIMWMD","20000831","0.28","0.28","0.25","0.25","217000"
"MIMWPB","20000831","0.18","0.18","0.17","0.17","145000"
"MIMWSD","20000831","0.275","0.275","0.275","0.275","20000"
"MIP","20000831","1.08","1.09","1.06","1.07","178956"
"MJN","20000831","0.28","0.28","0.26","0.265","897262"
"MJNOB","20000831","0.181","0.181","0.165","0.17","1065816"
"MLB","20000831","3.70","3.70","3.35","3.35","1044533"
"MLE","20000831","0.80","0.80","0.79","0.80","69182"
"MLT","20000831","9.20","9.20","9.20","9.20","7148"
"MMD","20000831","0.40","0.40","0.38","0.39","126250"
"MMDO","20000831","0.17","0.17","0.17","0.17","40000"
"MME","20000831","0.67","0.67","0.65","0.66","119902"
"MMN","20000831","0.055","0.055","0.052","0.053","561167"
"MMNO","20000831","0.011","0.011","0.011","0.011","90000"
"MND","20000831","2.85","2.85","2.80","2.80","40414"
"MNG","20000831","0.23","0.25","0.23","0.23","234643"
"MNGO","20000831","0.07","0.079","0.07","0.079","89500"
"MNS","20000831","1.38","1.43","1.38","1.43","41522"
"MOB","20000831","0.365","0.365","0.365","0.365","26900"
"MOD","20000831","0.21","0.21","0.20","0.20","99898"
"MOF","20000831","1.16","1.17","1.15","1.15","378286"
"MOS","20000831","0.17","0.175","0.17","0.17","334644"
"MOSOA","20000831","0.049","0.049","0.04","0.04","194500"
"MPH","20000831","0.39","0.40","0.38","0.40","23076"
"MPHOA","20000831","0.07","0.07","0.07","0.07","1350"
"MPI","20000831","0.125","0.125","0.125","0.125","11000"
"MPO","20000831","0.12","0.12","0.11","0.11","354250"
"MQL","20000831","0.26","0.27","0.255","0.27","153886"
"MRC","20000831","0.105","0.11","0.105","0.105","468556"
"MRCCE","20000831","0.13","0.13","0.13","0.13","555381"
"MRCO","20000831","0.009","0.009","0.009","0.009","15000"
"MRL","20000831","3.89","3.95","3.78","3.84","601229"
"MRM","20000831","0.48","0.48","0.47","0.47","11050"
"MRMO","20000831","0.03","0.04","0.03","0.04","50000"
"MRRHB","20000831","0.395","0.395","0.393","0.393","13650"
"MRX","20000831","0.25","0.25","0.245","0.245","68000"
"MSC","20000831","0.245","0.245","0.245","0.245","50000"
"MSD","20000831","0.062","0.062","0.061","0.061","45000"
"MSG","20000831","0.15","0.15","0.15","0.15","20000"
"MSI","20000831","0.086","0.086","0.086","0.086","50000"
"MST","20000831","2.40","2.40","2.11","2.16","1468324"
"MTA","20000831","1.90","1.90","1.90","1.90","5000"
"MTB","20000831","0.12","0.12","0.11","0.11","140000"
"MTC","20000831","0.15","0.15","0.135","0.14","933320"
"MTCOA","20000831","0.053","0.055","0.052","0.053","423300"
"MTR","20000831","0.69","0.69","0.66","0.66","74718"
"MUL","20000831","0.20","0.21","0.195","0.195","304100"
"MUR","20000831","0.98","1.00","0.98","0.98","29000"
"MXA","20000831","0.057","0.057","0.057","0.057","21000"
"MXAO","20000831","0.018","0.021","0.018","0.021","428000"
"MXE","20000831","0.055","0.055","0.049","0.051","847500"
"MXI","20000831","0.20","0.20","0.185","0.185","779032"
"MXM","20000831","0.145","0.16","0.145","0.145","48000"
"MXO","20000831","0.27","0.275","0.255","0.265","1068669"
"MYC","20000831","0.51","0.52","0.46","0.49","538064"
"MYCOA","20000831","0.33","0.33","0.22","0.30","637983"
"MYM","20000831","0.16","0.16","0.16","0.16","19200"
"MYO","20000831","4.326","4.326","4.16","4.20","642409"
"MZG","20000831","0.095","0.095","0.095","0.095","115000"
"NAB","20000831","25.902","25.902","25.40","25.40","2614792"
"NABCD","20000831","26.10","26.10","26.10","26.10","12000"
"NABHA","20000831","95.10","95.249","95.00","95.055","41363"
"NABIBL","20000831","11.35","11.35","11.33","11.33","6000"
"NABINJ","20000831","4.30","4.30","4.28","4.28","14000"
"NABWDD","20000831","0.57","0.57","0.54","0.54","12000"
"NABWFC","20000831","0.40","0.40","0.37","0.37","38000"
"NABWMN","20000831","0.90","0.90","0.90","0.90","8000"
"NABWMU","20000831","0.07","0.084","0.07","0.084","20000"
"NABWMV","20000831","0.52","0.52","0.52","0.52","3000"
"NABWPC","20000831","0.27","0.27","0.27","0.27","10000"
"NABWSE","20000831","0.55","0.55","0.485","0.485","38000"
"NAL","20000831","0.98","1.00","0.95","0.96","464115"
"NAM","20000831","0.69","0.70","0.69","0.70","18390"
"NAU","20000831","0.65","0.65","0.65","0.65","3000"
"NBL","20000831","1.00","1.00","0.98","0.98","116578"
"NCA","20000831","0.31","0.31","0.305","0.305","87740"
"NCE","20000831","0.38","0.40","0.38","0.40","1168600"
"NCI","20000831","1.15","1.15","1.15","1.15","3300"
"NCM","20000831","4.20","4.20","4.01","4.057","1365717"
"NCMWMC","20000831","0.32","0.32","0.315","0.315","10000"
"NCP","20000831","22.951","22.951","22.625","22.625","2866592"
"NCPDP","20000831","19.40","19.40","18.80","18.80","2041856"
"NCPWMJ","20000831","0.73","0.73","0.73","0.73","50000"
"NCPWPF","20000831","0.70","0.70","0.69","0.69","100000"
"NCPWPR","20000831","0.67","0.67","0.65","0.65","40000"
"NCPWSQ","20000831","0.17","0.17","0.17","0.17","5000"
"NCPWZA","20000831","1.48","1.48","1.48","1.48","2000"
"NDO","20000831","0.04","0.043","0.04","0.043","25000"
"NDY","20000831","1.02","1.02","1.00","1.02","3357917"
"NDYOA","20000831","0.02","0.02","0.019","0.02","323261"
"NDYWDD","20000831","0.06","0.06","0.06","0.06","100000"
"NDYWPC","20000831","0.16","0.165","0.16","0.165","82500"
"NDYWSD","20000831","0.10","0.105","0.091","0.097","217000"
"NEV","20000831","3.36","3.36","3.28","3.32","19328"
"NFD","20000831","2.07","2.09","2.00","2.02","3069932"
"NFG","20000831","0.15","0.15","0.15","0.15","5000"
"NFR","20000831","0.28","0.28","0.28","0.28","190000"
"NGL","20000831","0.76","0.76","0.76","0.76","25000"
"NHG","20000831","0.26","0.26","0.245","0.25","502360"
"NHGO","20000831","0.068","0.07","0.066","0.066","331750"
"NHM","20000831","0.023","0.023","0.023","0.023","211000"
"NHMO","20000831","0.011","0.011","0.011","0.011","75000"
"NIX","20000831","0.60","0.60","0.55","0.55","81831"
"NLB","20000831","1.30","1.35","1.30","1.35","8860"
"NLY","20000831","0.82","0.90","0.82","0.85","93774"
"NMW","20000831","1.04","1.04","1.04","1.04","620"
"NRL","20000831","0.36","0.36","0.36","0.36","28737"
"NRM","20000831","2.84","2.89","2.83","2.86","4460380"
"NRMWCP","20000831","0.23","0.23","0.22","0.22","300000"
"NRMWDA","20000831","0.26","0.26","0.26","0.26","50000"
"NRMWGA","20000831","0.145","0.155","0.139","0.139","939000"
"NRMWNA","20000831","0.18","0.19","0.18","0.19","200000"
"NRMWXA","20000831","0.12","0.12","0.12","0.12","31500"
"NRT","20000831","4.179","4.179","3.94","4.10","42366"
"NSL","20000831","0.38","0.38","0.35","0.35","68000"
"NTC","20000831","0.275","0.275","0.26","0.26","55400"
"NUF","20000831","3.34","3.35","3.30","3.30","58939"
"NVS","20000831","1.80","1.84","1.80","1.80","270014"
"NWE","20000831","0.245","0.25","0.245","0.25","31000"
"NWEO","20000831","0.15","0.155","0.15","0.15","54920"
"NWL","20000831","1.49","1.49","1.44","1.47","188434"
"OBJ","20000831","0.454","0.454","0.415","0.415","28000"
"OCL","20000831","0.86","0.88","0.86","0.87","55438"
"OEC","20000831","1.97","1.97","1.90","1.94","675774"
"OHL","20000831","1.06","1.06","0.97","1.00","102202"
"OIL","20000831","2.40","2.41","2.40","2.41","32585"
"OKN","20000831","1.34","1.38","1.34","1.37","54704"
"OLA","20000831","0.32","0.32","0.30","0.30","29000"
"OLP","20000831","0.45","0.45","0.45","0.45","150"
"OML","20000831","1.57","1.60","1.56","1.57","403328"
"OMP","20000831","1.66","1.66","1.61","1.65","6000"
"ONE","20000831","1.11","1.16","1.11","1.121","2302152"
"ONEWGA","20000831","0.105","0.105","0.10","0.10","350000"
"ONI","20000831","0.125","0.125","0.125","0.125","20000"
"OPS","20000831","2.53","2.59","2.53","2.56","63018"
"OPT","20000831","0.13","0.13","0.125","0.125","265150"
"ORG","20000831","2.10","2.15","1.98","1.98","1130668"
"ORI","20000831","6.284","6.284","6.21","6.23","782887"
"ORIISJ","20000831","0.80","0.80","0.78","0.78","4000"
"ORP","20000831","0.11","0.11","0.105","0.11","842528"
"ORPOA","20000831","0.05","0.052","0.05","0.05","250404"
"OSH","20000831","1.68","1.70","1.66","1.69","2401826"
"OSHWPA","20000831","0.22","0.22","0.22","0.22","20000"
"OSHWXB","20000831","0.05","0.05","0.049","0.049","34000"
"OTO","20000831","0.11","0.11","0.095","0.095","392000"
"OTR","20000831","0.435","0.435","0.435","0.435","14000"
"OTS","20000831","0.28","0.28","0.28","0.28","5000"
"OTT","20000831","2.276","2.35","2.20","2.24","605451"
"OXR","20000831","0.099","0.10","0.098","0.098","311266"
"OXROA","20000831","0.025","0.025","0.024","0.025","3321830"
"PAH","20000831","0.24","0.24","0.23","0.24","30600"
"PAHO","20000831","0.115","0.115","0.115","0.115","40000"
"PAI","20000831","0.43","0.43","0.41","0.41","54092"
"PAIO","20000831","0.11","0.11","0.10","0.10","95000"
"PAL","20000831","0.365","0.365","0.35","0.35","263665"
"PALOA","20000831","0.15","0.15","0.14","0.145","248250"
"PALOB","20000831","0.23","0.23","0.225","0.225","100000"
"PAS","20000831","0.98","0.98","0.95","0.96","5827154"
"PASWDF","20000831","0.11","0.11","0.10","0.10","484800"
"PASWFC","20000831","0.17","0.17","0.17","0.17","20000"
"PASWGA","20000831","0.095","0.095","0.095","0.095","230000"
"PASWMC","20000831","0.003","0.003","0.003","0.003","5650"
"PASWMD","20000831","0.195","0.195","0.195","0.195","150000"
"PAT","20000831","1.95","2.00","1.95","1.95","15500"
"PAY","20000831","0.65","0.65","0.65","0.65","450"
"PBB","20000831","4.352","4.352","4.13","4.185","181227"
"PBL","20000831","14.45","14.50","14.35","14.494","896543"
"PBLHA","20000831","100.00","100.00","99.95","100.00","7487"
"PBT","20000831","0.51","0.51","0.465","0.465","66862"
"PBTO","20000831","0.20","0.20","0.20","0.20","48000"
"PBV","20000831","2.20","2.20","2.12","2.20","16000"
"PCE","20000831","0.46","0.47","0.45","0.47","28866"
"PCEOA","20000831","0.265","0.265","0.245","0.245","101750"
"PCEOB","20000831","0.305","0.31","0.30","0.31","8693"
"PCG","20000831","0.21","0.21","0.205","0.205","195000"
"PCL","20000831","0.049","0.05","0.049","0.05","45695"
"PCLO","20000831","0.018","0.018","0.018","0.018","80000"
"PCO","20000831","2.05","2.05","2.00","2.00","41985"
"PCR","20000831","0.60","0.60","0.60","0.60","9300"
"PCRO","20000831","0.40","0.40","0.385","0.385","27000"
"PDN","20000831","0.057","0.057","0.053","0.057","2437321"
"PDNOB","20000831","0.021","0.021","0.021","0.021","41600"
"PDP","20000831","1.57","1.57","1.53","1.56","1465139"
"PDPCD","20000831","2.94","2.94","2.94","2.94","10000"
"PDR","20000831","0.12","0.12","0.12","0.12","24400"
"PEA","20000831","1.30","1.30","1.30","1.30","15000"
"PEG","20000831","0.48","0.48","0.45","0.45","16000"
"PEGO","20000831","0.061","0.061","0.06","0.06","10000"
"PEM","20000831","0.28","0.28","0.28","0.28","61338"
"PGL","20000831","2.30","2.30","2.30","2.30","785"
"PGP","20000831","0.165","0.18","0.165","0.175","120722"
"PHA","20000831","1.07","1.07","1.07","1.07","42"
"PHD","20000831","0.19","0.21","0.19","0.21","720291"
"PHO","20000831","0.49","0.49","0.48","0.48","57770"
"PHT","20000831","0.80","0.80","0.77","0.77","13098"
"PHX","20000831","0.165","0.165","0.165","0.165","18684"
"PHXO","20000831","0.061","0.061","0.061","0.061","18684"
"PHY","20000831","1.927","1.95","1.88","1.88","59272"
"PIE","20000831","0.195","0.20","0.195","0.20","102000"
"PIL","20000831","1.05","1.07","1.00","1.03","146564"
"PKT","20000831","0.135","0.135","0.135","0.135","10000"
"PLF","20000831","3.95","3.95","3.90","3.90","21563"
"PLL","20000831","2.00","2.01","1.99","1.99","103000"
"PLM","20000831","4.68","4.68","4.68","4.68","4000"
"PLT","20000831","4.50","4.60","4.50","4.55","5100"
"PLW","20000831","2.20","2.25","2.20","2.25","4500"
"PLX","20000831","0.14","0.145","0.14","0.14","135926"
"PMA","20000831","0.175","0.19","0.175","0.19","178406"
"PMAOA","20000831","0.015","0.017","0.015","0.017","34706"
"PMAOB","20000831","0.052","0.058","0.052","0.057","212051"
"PMC","20000831","1.51","1.53","1.50","1.50","92181"
"PMD","20000831","0.15","0.15","0.15","0.15","60000"
"PMM","20000831","1.00","1.00","0.97","0.98","616975"
"PMP","20000831","2.042","2.042","1.96","1.96","492806"
"PMT","20000831","8.10","8.10","8.05","8.10","9000"
"PNA","20000831","0.065","0.066","0.065","0.065","149100"
"PNH","20000831","0.82","0.82","0.79","0.79","38298"
"PNO","20000831","0.20","0.22","0.20","0.20","65000"
"POT","20000831","0.125","0.125","0.12","0.12","117000"
"PPH","20000831","1.34","1.37","1.34","1.35","666230"
"PPK","20000831","0.56","0.56","0.54","0.54","32992"
"PPP","20000831","0.105","0.105","0.105","0.105","5000"
"PPT","20000831","31.076","31.10","30.15","30.40","8461"
"PPX","20000831","3.633","3.633","3.56","3.60","849108"
"PRE","20000831","0.059","0.059","0.056","0.056","386400"
"PRG","20000831","1.72","1.72","1.60","1.65","40378"
"PRI","20000831","5.851","5.90","5.75","5.90","52090"
"PRO","20000831","1.56","1.56","1.55","1.55","2600"
"PRT","20000831","1.941","2.00","1.90","2.00","36193"
"PRX","20000831","0.73","0.73","0.72","0.72","55402"
"PRXPA","20000831","0.70","0.70","0.70","0.70","40"
"PRY","20000831","5.71","5.80","5.71","5.79","12050"
"PSA","20000831","0.155","0.155","0.155","0.155","15000"
"PSE","20000831","0.11","0.11","0.11","0.11","36500"
"PSX","20000831","0.99","1.14","0.98","1.02","458276"
"PTD","20000831","0.72","0.72","0.70","0.70","383389"
"PTL","20000831","0.33","0.34","0.32","0.32","72540"
"PTZ","20000831","0.41","0.43","0.40","0.415","2393766"
"PUL","20000831","0.265","0.275","0.26","0.275","35000"
"PVL","20000831","0.80","0.84","0.80","0.82","20140"
"PWR","20000831","1.685","1.685","1.65","1.68","315097"
"PWT","20000831","1.61","1.62","1.45","1.54","2335548"
"QAD","20000831","0.069","0.069","0.066","0.066","752500"
"QADO","20000831","0.022","0.022","0.022","0.022","23000"
"QAN","20000831","4.031","4.031","3.92","3.94","3787640"
"QANCD","20000831","4.11","4.11","4.06","4.06","50000"
"QANWMD","20000831","0.36","0.36","0.36","0.36","25000"
"QANWPD","20000831","0.19","0.19","0.175","0.175","18000"
"QBE","20000831","8.765","8.86","8.62","8.65","1456581"
"QCC","20000831","1.592","1.60","1.55","1.55","35250"
"QCH","20000831","4.05","4.09","4.03","4.03","9675"
"QFMHA","20000831","3.99","3.99","3.99","3.99","3643"
"QGC","20000831","0.20","0.20","0.195","0.20","487238"
"QMM","20000831","0.141","0.141","0.125","0.125","22900"
"QRL","20000831","1.31","1.32","1.30","1.30","2789400"
"QTK","20000831","0.18","0.18","0.17","0.17","1124194"
"QTKO","20000831","0.06","0.063","0.059","0.061","1070900"
"QTL","20000831","0.48","0.50","0.48","0.48","44000"
"QUE","20000831","0.30","0.30","0.30","0.30","23968"
"QUR","20000831","0.08","0.08","0.08","0.08","28135"
"QVL","20000831","2.059","2.10","2.059","2.10","26000"
"RAC","20000831","0.105","0.11","0.105","0.105","962538"
"RAL","20000831","0.52","0.55","0.52","0.55","27322"
"RBK","20000831","0.17","0.17","0.17","0.17","65000"
"RBL","20000831","0.74","0.75","0.74","0.75","17000"
"RBS","20000831","2.15","2.20","2.15","2.20","18600"
"RCT","20000831","0.073","0.075","0.072","0.075","432000"
"RDF","20000831","1.96","1.96","1.90","1.90","19850"
"RDFOA","20000831","0.60","0.60","0.60","0.60","460"
"RDFR","20000831","0.076","0.076","0.04","0.04","1676"
"REA","20000831","0.20","0.20","0.19","0.19","43833"
"REC","20000831","0.82","0.82","0.82","0.82","3000"
"REE","20000831","0.09","0.09","0.09","0.09","165000"
"REL","20000831","1.10","1.10","1.05","1.05","275301"
"RELOA","20000831","0.82","0.82","0.79","0.80","65000"
"RFR","20000831","0.135","0.135","0.13","0.13","133479"
"RFRO","20000831","0.022","0.022","0.02","0.02","315000"
"RGR","20000831","0.165","0.175","0.165","0.175","155895"
"RGS","20000831","1.97","1.97","1.94","1.95","80179"
"RHC","20000831","1.12","1.12","1.109","1.109","43000"
"RIC","20000831","0.58","0.58","0.57","0.57","146368"
"RICGA","20000831","1.82","1.82","1.82","1.82","666"
"RICO","20000831","0.135","0.135","0.11","0.11","27254"
"RIM","20000831","0.215","0.215","0.21","0.21","89000"
"RIO","20000831","27.10","27.20","26.63","26.733","872830"
"RIOWAA","20000831","0.62","0.62","0.62","0.62","5000"
"RIOWPB","20000831","0.30","0.30","0.265","0.265","37400"
"RIOWZA","20000831","1.57","1.57","1.57","1.57","2000"
"RKN","20000831","1.081","1.081","1.03","1.05","203092"
"RMD","20000831","6.10","6.10","6.00","6.05","1442325"
"RMG","20000831","0.24","0.25","0.24","0.24","149000"
"RMGOA","20000831","0.095","0.095","0.095","0.095","50000"
"RND","20000831","0.54","0.54","0.54","0.54","8500"
"ROC","20000831","1.47","1.48","1.45","1.46","63370"
"ROK","20000831","2.40","2.40","2.40","2.40","8190"
"RPD","20000831","0.50","0.50","0.50","0.50","102000"
"RPM","20000831","0.055","0.058","0.055","0.058","40000"
"RRS","20000831","0.105","0.105","0.105","0.105","25500"
"RSG","20000831","0.165","0.165","0.155","0.155","889317"
"RSGPA","20000831","0.64","0.64","0.63","0.63","145000"
"RTM","20000831","0.062","0.062","0.062","0.062","35000"
"RTMO","20000831","0.027","0.027","0.025","0.025","180000"
"RTS","20000831","0.365","0.365","0.36","0.36","12000"
"RUP","20000831","5.50","5.75","5.50","5.70","5153"
"RUPDP","20000831","5.55","5.60","5.55","5.60","7164"
"RUS","20000831","0.07","0.07","0.07","0.07","11000"
"RVS","20000831","0.355","0.37","0.355","0.37","642257"
"SAQ","20000831","4.20","4.20","4.20","4.20","4000"
"SAS","20000831","2.26","2.26","1.91","1.94","3846473"
"SAX","20000831","0.40","0.40","0.40","0.40","2000"
"SBC","20000831","10.30","10.38","10.30","10.38","19541"
"SBD","20000831","0.37","0.37","0.36","0.36","60000"
"SBM","20000831","0.155","0.155","0.15","0.155","68396"
"SBR","20000831","0.28","0.30","0.27","0.30","111222"
"SCD","20000831","0.099","0.10","0.099","0.10","484500"
"SCG","20000831","0.60","0.60","0.60","0.60","55350"
"SCN","20000831","0.008","0.009","0.008","0.008","3985900"
"SCP","20000831","2.29","2.30","2.25","2.30","133101"
"SDC","20000831","0.56","0.56","0.56","0.56","1500"
"SDI","20000831","0.495","0.495","0.495","0.495","8000"
"SDR","20000831","0.46","0.46","0.46","0.46","20000"
"SDS","20000831","0.55","0.55","0.55","0.55","600"
"SED","20000831","0.105","0.105","0.105","0.105","170000"
"SEN","20000831","0.62","0.62","0.59","0.59","153871"
"SEV","20000831","7.30","7.48","7.22","7.459","286066"
"SEX","20000831","0.52","0.52","0.52","0.52","12000"
"SFD","20000831","1.08","1.09","1.05","1.05","53262"
"SFG","20000831","0.087","0.089","0.087","0.089","60800"
"SFGOC","20000831","0.026","0.026","0.026","0.026","8337"
"SFL","20000831","0.80","0.84","0.80","0.82","62754"
"SFO","20000831","0.10","0.10","0.10","0.10","120000"
"SFOO","20000831","0.033","0.034","0.033","0.034","25000"
"SGB","20000831","11.543","11.60","11.45","11.55","513232"
"SGBCD","20000831","11.72","11.72","11.72","11.72","7200"
"SGBECE","20000831","8.80","8.80","8.80","8.80","300"
"SGBEME","20000831","6.18","6.18","6.18","6.18","300"
"SGBHC","20000831","102.30","102.30","102.30","102.30","350"
"SGBPA","20000831","16.38","16.40","16.15","16.30","8197"
"SGC","20000831","0.49","0.54","0.49","0.52","510306"
"SGCOA","20000831","0.30","0.30","0.30","0.30","8500"
"SGN","20000831","12.60","12.60","12.60","12.60","250"
"SGO","20000831","0.46","0.46","0.46","0.46","1950"
"SGP","20000831","3.74","3.76","3.68","3.74","2498187"
"SGS","20000831","0.99","1.02","0.99","1.02","104980"
"SGW","20000831","5.291","5.291","5.22","5.25","481825"
"SHL","20000831","7.10","7.14","6.80","7.05","172343"
"SHM","20000831","0.175","0.175","0.175","0.175","400"
"SHV","20000831","1.50","1.50","1.50","1.50","15001"
"SIG","20000831","1.40","1.40","1.38","1.38","116190"
"SKE","20000831","1.85","1.85","1.80","1.80","136766"
"SKR","20000831","0.215","0.215","0.205","0.21","2052853"
"SKRO","20000831","0.075","0.075","0.075","0.075","100000"
"SLN","20000831","1.48","1.48","1.47","1.47","35475"
"SLX","20000831","3.10","3.18","3.10","3.16","41169"
"SME","20000831","9.00","9.00","8.82","8.88","321691"
"SMEHB","20000831","87.00","87.30","87.00","87.30","770"
"SMEIMA","20000831","5.34","5.34","5.34","5.34","1885"
"SMI","20000831","7.99","8.02","7.90","7.90","737708"
"SMPG","20000831","5.52","5.56","5.45","5.51","152468"
"SMS","20000831","6.00","6.02","5.95","6.00","549434"
"SNX","20000831","9.871","9.871","9.40","9.59","113829"
"SOA","20000831","0.95","0.95","0.95","0.95","2350"
"SOH","20000831","2.84","2.93","2.80","2.81","571652"
"SOL","20000831","37.00","38.00","37.00","38.00","1854"
"SPC","20000831","0.87","0.87","0.87","0.87","6"
"SPCPB","20000831","10.00","10.00","10.00","10.00","60000"
"SPD","20000831","0.441","0.441","0.441","0.441","1122"
"SPHO","20000831","0.068","0.068","0.068","0.068","43000"
"SPK","20000831","0.54","0.57","0.50","0.57","362545"
"SPP","20000831","1.85","1.90","1.80","1.90","48100"
"SPT","20000831","6.25","6.29","6.22","6.29","15444"
"SPU","20000831","0.125","0.13","0.125","0.13","213426"
"SPX","20000831","0.14","0.14","0.135","0.135","617485"
"SQS","20000831","0.12","0.12","0.12","0.12","56191"
"SQSOA","20000831","0.028","0.028","0.022","0.022","68778"
"SRA","20000831","1.675","1.675","1.65","1.67","31500"
"SRI","20000831","0.07","0.077","0.07","0.075","179000"
"SRL","20000831","0.36","0.36","0.36","0.36","1000"
"SRO","20000831","0.23","0.23","0.22","0.22","806661"
"SROCB","20000831","0.061","0.061","0.061","0.061","50000"
"SROOB","20000831","0.085","0.085","0.08","0.085","369210"
"SRP","20000831","4.65","4.65","4.568","4.568","1554061"
"SRPIBL","20000831","1.38","1.38","1.38","1.38","2000"
"SRPIXA","20000831","1.82","1.82","1.72","1.72","4000"
"SRX","20000831","3.341","3.35","3.05","3.22","88525"
"SSBHA","20000831","9.57","9.57","9.57","9.57","500"
"SSE","20000831","0.315","0.33","0.31","0.33","242959"
"SSH","20000831","0.42","0.42","0.40","0.42","198000"
"SSHO","20000831","0.16","0.16","0.16","0.16","10294"
"SSI","20000831","1.90","1.90","1.90","1.90","8639"
"SSL","20000831","0.52","0.52","0.52","0.52","10000"
"SSR","20000831","0.60","0.60","0.55","0.55","177705"
"SST","20000831","2.05","2.05","2.05","2.05","944"
"SSX","20000831","1.36","1.37","1.32","1.32","298887"
"SSXPA","20000831","2.25","2.26","2.24","2.24","88011"
"STA","20000831","0.20","0.20","0.20","0.20","80000"
"STM","20000831","0.17","0.17","0.17","0.17","20000"
"STO","20000831","5.90","5.93","5.85","5.85","888621"
"STOWPB","20000831","0.77","0.77","0.77","0.77","12000"
"STP","20000831","0.35","0.35","0.34","0.34","26174"
"STPO","20000831","0.10","0.10","0.10","0.10","3396"
"STS","20000831","1.46","1.46","1.35","1.35","19142"
"STT","20000831","0.037","0.038","0.036","0.037","1129916"
"STTO","20000831","0.013","0.013","0.012","0.012","500000"
"STU","20000831","0.23","0.23","0.225","0.225","46000"
"STV","20000831","17.00","17.00","17.00","17.00","500"
"SUR","20000831","0.12","0.12","0.095","0.095","541686"
"SUROA","20000831","0.05","0.05","0.05","0.05","100000"
"SVP","20000831","0.165","0.175","0.15","0.165","271350"
"SWD","20000831","0.57","0.58","0.57","0.58","45700"
"SWG","20000831","0.23","0.23","0.23","0.23","19000"
"SWS","20000831","2.61","2.64","2.58","2.64","61711"
"SWT","20000831","0.31","0.32","0.30","0.30","142000"
"SWTO","20000831","0.15","0.15","0.14","0.14","50000"
"SYM","20000831","0.71","0.71","0.65","0.66","753501"
"TAB","20000831","2.80","2.80","2.77","2.78","2224601"
"TAH","20000831","9.90","9.93","9.85","9.85","1349518"
"TAHINI","20000831","1.47","1.47","1.47","1.47","3000"
"TAHIXA","20000831","4.42","4.42","4.42","4.42","1000"
"TAI","20000831","0.06","0.06","0.059","0.06","158300"
"TAICB","20000831","0.007","0.008","0.007","0.008","350000"
"TAM","20000831","0.115","0.115","0.115","0.115","10000"
"TAP","20000831","1.08","1.08","1.05","1.06","263032"
"TBL","20000831","0.17","0.175","0.16","0.175","110350"
"TBR","20000831","0.49","0.52","0.49","0.50","288598"
"TCA","20000831","7.75","7.75","7.75","7.75","3375"
"TCL","20000831","3.40","3.46","3.35","3.409","927581"
"TDG","20000831","0.99","0.99","0.99","0.99","9183"
"TEE","20000831","0.205","0.205","0.195","0.195","105000"
"TEH","20000831","3.204","3.204","3.10","3.105","48007"
"TEL","20000831","4.85","4.85","4.77","4.828","873091"
"TELECE","20000831","1.23","1.23","1.17","1.17","4500"
"TEM","20000831","3.24","3.30","3.15","3.20","64927"
"TEN","20000831","2.69","2.69","2.57","2.63","529760"
"TGG","20000831","1.74","1.74","1.72","1.72","38910"
"TGL","20000831","0.062","0.066","0.061","0.061","203200"
"TGS","20000831","0.20","0.20","0.20","0.20","3000"
"THG","20000831","0.54","0.54","0.51","0.52","998849"
"TIF","20000831","1.16","1.16","1.12","1.12","90350"
"TIFO","20000831","0.065","0.07","0.061","0.061","94700"
"TIM","20000831","2.12","2.15","2.10","2.10","86809"
"TIR","20000831","0.16","0.16","0.145","0.145","1047195"
"TKG","20000831","0.034","0.034","0.031","0.031","2257526"
"TLA","20000831","0.60","0.60","0.59","0.59","105369"
"TLE","20000831","0.21","0.21","0.20","0.20","46000"
"TLIWDQ","20000831","0.54","0.59","0.54","0.59","105000"
"TLIWNB","20000831","0.022","0.025","0.02","0.025","682001"
"TLIWSD","20000831","0.076","0.076","0.029","0.03","3201000"
"TLL","20000831","0.38","0.39","0.38","0.39","26000"
"TLN","20000831","0.08","0.08","0.08","0.08","82500"
"TLO","20000831","0.43","0.45","0.42","0.445","1678273"
"TLOO","20000831","0.295","0.30","0.29","0.30","48254"
"TLS","20000831","6.50","6.60","6.31","6.31","53543504"
"TLSCA","20000831","4.41","4.59","4.38","4.57","157000"
"TLSCB","20000831","3.65","3.65","3.33","3.38","56597912"
"TLSEMF","20000831","4.23","4.23","4.22","4.22","3600"
"TLSIBL","20000831","2.20","2.20","2.03","2.04","26500"
"TLSIDA","20000831","3.35","3.35","3.16","3.16","3000"
"TLSIMA","20000831","2.92","2.95","2.86","2.87","70232"
"TLSIMB","20000831","1.27","1.27","1.18","1.18","120800"
"TLSINI","20000831","0.72","0.73","0.66","0.66","101000"
"TLSISK","20000831","3.19","3.19","2.85","2.85","5500"
"TLSIXI","20000831","0.45","0.45","0.30","0.32","69000"
"TLSWAA","20000831","0.15","0.15","0.092","0.094","2696500"
"TLSWCA","20000831","0.175","0.18","0.14","0.14","927821"
"TLSWCP","20000831","0.18","0.215","0.18","0.215","277500"
"TLSWDI","20000831","0.11","0.11","0.099","0.099","404500"
"TLSWFD","20000831","0.28","0.28","0.19","0.19","1151301"
"TLSWGA","20000831","0.15","0.15","0.14","0.14","100000"
"TLSWML","20000831","0.085","0.085","0.06","0.06","425000"
"TLSWPE","20000831","0.065","0.065","0.047","0.05","4999000"
"TLSWPF","20000831","0.23","0.25","0.20","0.215","2295500"
"TLSWPR","20000831","0.58","0.61","0.58","0.61","375000"
"TLSWSF","20000831","0.15","0.16","0.12","0.13","2527750"
"TLT","20000831","0.165","0.165","0.16","0.16","45000"
"TML","20000831","0.11","0.11","0.10","0.105","498472"
"TMN","20000831","6.97","6.97","6.70","6.70","71250"
"TMS","20000831","1.96","1.98","1.93","1.98","87720"
"TMT","20000831","0.78","0.79","0.78","0.78","232137"
"TNE","20000831","4.57","4.57","4.16","4.32","26496"
"TNY","20000831","0.98","0.98","0.98","0.98","23453"
"TOL","20000831","10.60","10.60","10.20","10.25","96493"
"TOR","20000831","1.48","1.49","1.46","1.46","61368"
"TPL","20000831","0.55","0.55","0.51","0.55","92925"
"TQL","20000831","2.14","2.15","2.14","2.14","188910"
"TRC","20000831","0.29","0.29","0.275","0.29","204999"
"TRE","20000831","0.13","0.13","0.125","0.125","553497"
"TRY","20000831","0.73","0.75","0.73","0.75","24000"
"TSR","20000831","2.70","2.70","2.70","2.70","380"
"TSS","20000831","1.06","1.06","1.06","1.06","400"
"TTH","20000831","0.22","0.22","0.22","0.22","4000"
"TTL","20000831","0.35","0.35","0.33","0.33","134350"
"TTR","20000831","0.14","0.145","0.14","0.145","391287"
"TVL","20000831","0.97","0.993","0.95","0.993","21160"
"TVN","20000831","0.82","0.908","0.81","0.908","499140"
"TVS","20000831","0.35","0.37","0.35","0.35","46000"
"TVSO","20000831","0.04","0.04","0.04","0.04","3348"
"TWR","20000831","3.75","3.80","3.75","3.80","4275"
"TWRCA","20000831","1.50","1.55","1.50","1.55","200"
"UCL","20000831","0.255","0.255","0.23","0.235","3623350"
"UCLOC","20000831","0.15","0.15","0.14","0.14","338288"
"UCR","20000831","1.23","1.23","1.22","1.22","294877"
"UEL","20000831","3.60","3.70","3.60","3.66","936113"
"USC","20000831","0.87","0.91","0.87","0.90","116181"
"VCM","20000831","0.59","0.61","0.59","0.60","384100"
"VGL","20000831","1.01","1.01","1.00","1.00","49605"
"VHL","20000831","1.32","1.35","1.32","1.35","143510"
"VIA","20000831","0.22","0.24","0.22","0.24","547052"
"VIT","20000831","0.325","0.325","0.305","0.305","96593"
"VITOB","20000831","0.17","0.17","0.165","0.165","48718"
"VKI","20000831","0.33","0.34","0.33","0.34","70493"
"VLS","20000831","1.98","2.00","1.95","1.95","49030"
"VNA","20000831","2.00","2.00","1.93","1.93","149968"
"VNAOA","20000831","1.50","1.50","1.41","1.41","199625"
"VNAWMB","20000831","0.50","0.50","0.50","0.50","10000"
"VOS","20000831","0.28","0.28","0.28","0.28","18142"
"VOSOA","20000831","0.105","0.105","0.10","0.10","130000"
"VPE","20000831","0.049","0.05","0.045","0.045","6795433"
"VRL","20000831","2.25","2.25","2.22","2.22","76583"
"VRLPA","20000831","1.76","1.76","1.71","1.75","52741"
"VSL","20000831","1.70","1.74","1.625","1.625","117025"
"VTI","20000831","0.70","0.70","0.66","0.67","345930"
"VWD","20000831","0.89","0.89","0.89","0.89","33000"
"VXS","20000831","1.068","1.10","0.96","0.97","301083"
"WAD","20000831","2.40","2.40","2.40","2.40","20"
"WAK","20000831","1.71","1.71","1.70","1.70","5150"
"WAL","20000831","0.80","0.84","0.80","0.84","55180"
"WAM","20000831","1.00","1.01","1.00","1.01","109085"
"WAN","20000831","5.62","5.68","5.59","5.68","149849"
"WAV","20000831","0.20","0.21","0.20","0.21","44593"
"WBBCD","20000831","3.48","3.48","3.48","3.48","85000"
"WBC","20000831","12.72","12.77","12.649","12.649","2181883"
"WBCEMG","20000831","7.79","7.79","7.79","7.79","3170"
"WBCIBL","20000831","6.81","6.82","6.81","6.82","9000"
"WBCINI","20000831","3.81","3.81","3.81","3.81","2700"
"WDP","20000831","2.45","2.50","2.45","2.50","7001"
"WEAG","20000831","3.04","3.04","3.031","3.031","255512"
"WEB","20000831","0.09","0.092","0.09","0.092","68500"
"WER","20000831","0.125","0.125","0.125","0.125","20000"
"WES","20000831","14.475","14.51","14.10","14.135","239280"
"WET","20000831","0.081","0.09","0.08","0.09","238208"
"WETO","20000831","0.025","0.025","0.025","0.025","50000"
"WETOA","20000831","0.005","0.005","0.004","0.004","122250"
"WFA","20000831","1.58","1.59","1.55","1.55","568305"
"WFT","20000831","3.215","3.215","3.17","3.18","2239291"
"WGC","20000831","0.022","0.024","0.022","0.024","395000"
"WGCO","20000831","0.006","0.006","0.006","0.006","1848168"
"WGR","20000831","0.14","0.16","0.14","0.16","7988"
"WHF","20000831","2.75","2.75","2.75","2.75","10633"
"WHL","20000831","0.30","0.305","0.285","0.305","86500"
"WIF","20000831","0.39","0.39","0.385","0.385","10000"
"WIN","20000831","0.413","0.43","0.413","0.42","47800"
"WKCHA","20000831","97.30","97.30","97.30","97.30","1000"
"WMC","20000831","8.174","8.22","8.159","8.159","7460447"
"WMCEME","20000831","2.84","3.00","2.84","3.00","2000"
"WMCEMF","20000831","3.87","3.87","3.87","3.87","3378"
"WMCWDO","20000831","0.26","0.26","0.26","0.26","20000"
"WMCWFD","20000831","0.42","0.42","0.42","0.42","23400"
"WMCWLA","20000831","0.39","0.39","0.39","0.39","12500"
"WMCWPD","20000831","0.55","0.59","0.53","0.59","85000"
"WMCWXB","20000831","0.08","0.08","0.08","0.08","10000"
"WME","20000831","0.125","0.135","0.125","0.135","80000"
"WMT","20000831","0.27","0.27","0.265","0.265","306563"
"WMTPA","20000831","0.64","0.64","0.64","0.64","20000"
"WNS","20000831","0.56","0.56","0.56","0.56","45000"
"WNZ","20000831","3.24","3.24","3.24","3.24","65000"
"WON","20000831","0.19","0.19","0.18","0.18","58900"
"WONOA","20000831","0.067","0.067","0.066","0.066","153800"
"WOW","20000831","6.80","6.86","6.77","6.85","7553217"
"WOWEMG","20000831","4.36","4.36","4.36","4.36","785"
"WOWHA","20000831","99.487","99.50","99.45","99.50","8351"
"WOWIBL","20000831","3.85","3.90","3.85","3.90","12000"
"WOWIMA","20000831","4.43","4.43","4.43","4.43","15000"
"WOWWPC","20000831","0.71","0.71","0.67","0.67","40000"
"WPL","20000831","14.391","14.40","14.29","14.30","960459"
"WPLEME","20000831","8.70","8.70","8.70","8.70","2350"
"WPLWMD","20000831","1.39","1.39","1.39","1.39","3500"
"WPLWPA","20000831","0.46","0.47","0.46","0.47","76600"
"WPO","20000831","0.33","0.33","0.33","0.33","11700"
"WPT","20000831","1.65","1.66","1.64","1.65","642815"
"WRF","20000831","0.60","0.62","0.60","0.62","19075"
"WRFO","20000831","0.21","0.21","0.21","0.21","7000"
"WSA","20000831","0.19","0.195","0.19","0.195","435150"
"WSF","20000831","12.571","12.571","12.30","12.40","1302224"
"WSG","20000831","0.335","0.345","0.335","0.345","1905573"
"WSGO","20000831","0.14","0.145","0.14","0.145","447000"
"WSS","20000831","0.51","0.51","0.50","0.51","204000"
"WSX","20000831","0.20","0.20","0.19","0.19","144300"
"WSY","20000831","0.165","0.17","0.16","0.17","70732"
"WTE","20000831","0.025","0.025","0.025","0.025","702946"
"WTP","20000831","0.295","0.30","0.295","0.30","110000"
"WWA","20000831","0.365","0.37","0.365","0.37","54000"
"WYL","20000831","3.18","3.19","3.15","3.19","34716"
"XEN","20000831","0.24","0.25","0.24","0.25","60410"
"XJOWMA","20000831","1.41","1.41","1.29","1.29","1150000"
"XJOWMP","20000831","0.18","0.22","0.18","0.22","110000"
"XPIWGB","20000831","0.92","0.92","0.89","0.89","170000"
"XPIWPE","20000831","0.55","0.55","0.48","0.48","289500"
"XPIWPW","20000831","0.15","0.185","0.15","0.185","140000"
"XPIWSA","20000831","0.98","0.98","0.86","0.87","1265000"
"XPIWSB","20000831","0.255","0.255","0.21","0.21","50800"
"XPIWSR","20000831","0.305","0.40","0.305","0.40","275900"
"XPIWSS","20000831","0.125","0.16","0.125","0.16","87000"
"XSPWOQ","20000831","0.93","0.93","0.93","0.93","1075"
"YAM","20000831","0.033","0.033","0.032","0.032","510770"
"YAMOB","20000831","0.011","0.011","0.011","0.011","412500"
"YDR","20000831","0.165","0.165","0.16","0.16","53005"
"YTS","20000831","0.60","0.60","0.59","0.59","66700"
"ZCHWGA","20000831","0.83","0.83","0.83","0.83","50000"
"ZEL","20000831","0.55","0.55","0.55","0.55","4000"
"ZIM","20000831","0.295","0.30","0.295","0.295","37600"
"ZORDA","20000831","0.05","0.05","0.05","0.05","40000"
"ZQQWGA","20000831","0.53","0.53","0.53","0.53","2700"
"ZQQWGP","20000831","1.44","1.44","1.44","1.44","6700"
"ZSBWGA","20000831","1.18","1.18","1.18","1.18","25000"
"ZYL","20000831","0.19","0.195","0.19","0.195","50582"
"ZYLOA","20000831","0.09","0.09","0.088","0.088","171000"
